x_Br,z_Ge,composition,Eg_eV,Ehull_proxy_eV_atom,Eox_proxy_eV_per_Sn,tolerance_factor,S_gap_single,S_hull,S_ox,S_strain,Score_single,Score_tandem,Rank_single,Rank_tandem,P_top1_single,P_top5_single,P_top10_single,P_top20_single,mean_rank_single,P_top1_tandem,P_top5_tandem,P_top10_tandem,P_top20_tandem,mean_rank_tandem,P_top1_descriptor_stress,P_top10_descriptor_stress,mean_rank_descriptor_stress
0.0,0.0,CsSnI3,1.31,0.0118,-1.374,0.8535490139766609,0.9801986733067553,0.6748037755010351,0.2532444629653909,0.9907403444023569,0.6382603342134328,0.27554370296730046,58,231,0.0,0.0126,0.0433,0.1813,80.6479,0.0,0.0,0.0,0.0,229.0409,0.0,0.0,60.7918
0.05,0.0,CsSn(I0.95Br0.05)3,1.326825,0.011774999999999999,-1.3767500000000001,0.8540707796516851,0.9961500827851313,0.6753663463525846,0.2518554417289706,0.9908397973218795,0.6401101931612362,0.2955802395857162,56,230,0.0,0.0123,0.0437,0.1946,78.562,0.0,0.0,0.0,0.0,227.5617,0.0,0.0,59.2598
0.1,0.0,CsSn(I0.90Br0.10)3,1.3443,0.01175,-1.3795000000000002,0.8545962766664591,0.9995891955143901,0.6759293862085684,0.250474039138868,0.9909394262095388,0.6399310412405083,0.31689181007565004,57,228,0.0,0.006,0.0384,0.1988,77.6058,0.0,0.0,0.0,0.0,225.4396,0.0,0.0,59.1886
0.15,0.0,CsSn(I0.85Br0.15)3,1.362425,0.011725,-1.3822500000000002,0.8551255451909084,0.9888870847597918,0.6764928954599865,0.24910021340754931,0.9910392270108813,0.6374831681964823,0.3394164684455451,60,225,0.0,0.0006,0.0296,0.1953,77.8667,0.0,0.0,0.0,0.0,222.6985,0.0,0.0,60.8132
0.2,0.0,CsSn(I0.80Br0.20)3,1.3812000000000002,0.0117,-1.3850000000000002,0.8556586259736373,0.9629816822724206,0.6770568744981647,0.24773392297668137,0.9911391955255393,0.6325441262855879,0.3630534189379516,62,222,0.0,0.0,0.0141,0.1677,79.5164,0.0,0.0,0.0,0.0,219.3508,0.0,0.0,63.6682
0.25,0.0,CsSn(I0.75Br0.25)3,1.400625,0.011675,-1.38775,0.8561955603523856,0.9215711007528508,0.6776213237147551,0.24637512651587462,0.9912393274029963,0.6249176976376143,0.3876566236850427,66,218,0.0,0.0,0.0018,0.1293,82.5218,0.0,0.0,0.0,0.0,215.3496,0.0,0.0,67.3858
0.3,0.0,CsSn(I0.70Br0.30)3,1.4206999999999999,0.01165,-1.3905,0.8567363902647166,0.865262802737516,0.6781862435017366,0.2450237829214323,0.9913396181382259,0.6144434633270235,0.41302863323455924,70,213,0.0,0.0,0.0,0.0888,86.4901,0.0,0.0,0.0,0.0,210.7361,0.0,0.0,71.8866
0.35,0.0,CsSn(I0.65Br0.35)3,1.4414250000000002,0.011625,-1.39325,0.8572811582589331,0.7956461870716456,0.6787516342514144,0.24367985131510767,0.991440063067199,0.6010065980573761,0.4389150616586262,76,206,0.0,0.0,0.0,0.0316,91.0761,0.0,0.0,0.0,0.0,205.4787,0.0,0.0,76.9666
0.4,0.0,CsSn(I0.60Br0.40)3,1.4628000000000003,0.0116,-1.396,0.8578299075052391,0.7152611519047091,0.679317496356421,0.2423432910428673,0.9915406573622567,0.5845474113179493,0.46500022615355036,81,199,0.0,0.0,0.0,0.0011,96.1808,0.0,0.0,0.0,0.0,199.6343,0.0,0.0,82.557
0.45,0.0,CsSn(I0.55Br0.45)3,1.484825,0.011575,-1.3987500000000002,0.8583826818071413,0.627447595255939,0.6798838302097162,0.24101406167366074,0.9916413960273425,0.5650700643462445,0.49090456052468795,87,193,0.0,0.0,0.0,0.0,101.7912,0.0,0.0,0.0,0.0,193.2646,0.0,0.0,88.7602
0.5,0.0,CsSn(I0.50Br0.50)3,1.5075,0.01155,-1.4015,0.8589395256131067,0.5360798140311996,0.6804506362045877,0.23969212299819861,0.9917422738930912,0.5426498242007827,0.5161844799799242,94,186,0.0,0.0,0.0,0.0,107.8147,0.0,0.0,0.0,0.0,186.4741,0.0,0.0,95.6798
0.55,0.0,CsSn(I0.45Br0.55)3,1.530825,0.011525,-1.40425,0.8595004840284758,0.44521230803214645,0.6810179147346503,0.2383774350277349,0.991843285611768,0.5174381847495335,0.5403354056117722,102,178,0.0,0.0,0.0,0.0,114.3137,0.0,0.0,0.0,0.0,179.4072,0.0,0.0,103.1578
0.6,0.0,CsSn(I0.40Br0.60)3,1.5548000000000002,0.0115,-1.407,0.8600656028276424,0.35868453837027003,0.6815856661938479,0.23706995799285827,0.9919444256520548,0.4896652021710219,0.5627986332192808,108,171,0.0,0.0,0.0,0.0,121.2297,0.0,0.0,0.0,0.0,172.2323,0.0,0.0,111.0562
0.65,0.0,CsSn(I0.35Br0.65)3,1.579425,0.011474999999999999,-1.40975,0.860634928466505,0.2797457808146816,0.6821538909764522,0.23576965234228878,0.9920456882936758,0.4596384703748329,0.5829726347137248,117,162,0.0,0.0,0.0,0.0,128.5496,0.0,0.0,0.0,0.0,165.2386,0.0,0.0,119.3632
0.7,0.0,CsSn(I0.30Br0.70)3,1.6046999999999998,0.011449999999999998,-1.4125,0.8612085080951974,0.21076232077941076,0.6827225894770637,0.23447647874168132,0.9921470676218616,0.4277383062143998,0.6002291953353321,125,153,0.0,0.0,0.0,0.0,136.1888,0.0,0.0,0.0,0.0001,158.7653,0.0,0.0,127.9802
0.75,0.0,CsSn(I0.25Br0.75)3,1.6306250000000002,0.011425,-1.41525,0.8617863895711046,0.1530557377363579,0.683291762090612,0.23319039807243597,0.9922485575216409,0.3944089259267789,0.6139345056483927,134,144,0.0,0.0,0.0,0.0,144.1324,0.0,0.0,0.0,0.0,153.4741,0.0,0.0,136.9226
0.8,0.0,CsSn(I0.20Br0.80)3,1.6572000000000002,0.011399999999999999,-1.418,0.8623686214721759,0.10689507260035158,0.6838614092123559,0.2319113714305142,0.9923501516719592,0.3601456653082991,0.6234749422551916,142,137,0.0,0.0,0.0,0.0,152.3475,0.0,0.0,0.0,0.0,149.9299,0.0,0.0,146.095
0.85,0.0,CsSn(I0.15Br0.85)3,1.684425,0.011375,-1.42075,0.8629552531105346,0.07163362584479525,0.6844315312378836,0.2306393601252627,0.9924518435396147,0.32547860999436506,0.6282867969026783,152,134,0.0,0.0,0.0,0.0,160.7737,0.0,0.0,0.0,0.0001,148.4154,0.0,0.0,155.4898
0.9,0.0,CsSn(I0.10Br0.90)3,1.7123,0.011349999999999999,-1.4235,0.8635463345464032,0.045951811852511945,0.6850021285631134,0.22937432567824242,0.9925536263730084,0.2909533329905701,0.6278886780988316,161,136,0.0,0.0,0.0,0.0,169.4096,0.0,0.0,0.0,0.0,149.153,0.0,0.0,165.0588
0.95,0.0,CsSn(I0.05Br0.95)3,1.740825,0.011324999999999998,-1.42625,0.8641419166023416,0.02814917175963881,0.6855732015842932,0.22811622982206495,0.9926554931956998,0.25710975077530196,0.6219147587611152,171,140,0.0,0.0,0.0,0.0,178.2187,0.0,0.0,0.0,0.0,152.2673,0.0,0.0,174.7934
1.0,0.0,CsSn(I0.00Br1.00)3,1.77,0.0113,-1.429,0.8647420508778161,0.016426015518885576,0.6861447506980017,0.22686503449923465,0.9927574367997638,0.22446036879549205,0.6101465417060016,180,149,0.0,0.0,0.0,0.0,187.1503,0.0,0.0,0.0,0.0002,157.7182,0.0,0.0,184.6758
0.0,0.05,CsSn0.95Ge0.05I3,1.329,0.0112111,-1.30533,0.8592689999228931,0.9973147229348499,0.6881810419239556,0.29052664085299496,0.9918016766910015,0.6668627114587611,0.31062431599889323,43,229,0.0003,0.0336,0.1027,0.3256,62.4411,0.0,0.0,0.0,0.0,225.4124,0.0,0.005,45.2716
0.05,0.05,CsSn0.95Ge0.05(I0.95Br0.05)3,1.3466999999999998,0.01118749,-1.3079415000000003,0.8598147917701017,0.9990029418375815,0.6887228535788709,0.2890131760616963,0.9918996145940753,0.6664217402961009,0.3331932706012721,44,226,0.0,0.0271,0.1012,0.3439,61.4629,0.0,0.0,0.0,0.0,222.6871,0.0,0.001,45.312
0.1,0.05,CsSn0.95Ge0.05(I0.90Br0.10)3,1.3650499999999999,0.01116388,-1.3105530000000003,0.8603645131221349,0.9861522741953103,0.6892650918073933,0.2875075954894415,0.9919976699826533,0.6635483289433889,0.35702353019638194,45,223,0.0,0.0117,0.0845,0.3467,61.8049,0.0,0.0,0.0,0.0,219.2345,0.0,0.0,46.9964
0.15,0.05,CsSn0.95Ge0.05(I0.85Br0.15)3,1.38405,0.01114027,-1.3131645,0.8609182065688389,0.9577963943859966,0.6898077569453682,0.286009858064307,0.9920958375592978,0.6580122448059064,0.38200111990077024,47,219,0.0,0.0,0.0496,0.3237,63.6162,0.0,0.0,0.0,0.0,215.059,0.0,0.0,49.8234
0.2,0.05,CsSn0.95Ge0.05(I0.80Br0.20)3,1.4037,0.01111666,-1.315776,0.86147591531777,0.9137750179304683,0.690350849328906,0.2845199229283288,0.9921941118525718,0.6496128662264297,0.40796304529081934,52,214,0.0,0.0,0.009,0.2715,66.9655,0.0,0.0,0.0,0.0,210.1593,0.0,0.0,53.841
0.25,0.05,CsSn0.95Ge0.05(I0.75Br0.25)3,1.424,0.011093049999999998,-1.3183875,0.8620376832054344,0.8548750167246699,0.690894369294381,0.28303774943638776,0.9922924872120911,0.6381893992737666,0.43469085633819843,59,208,0.0,0.0,0.0,0.1716,71.5146,0.0,0.0,0.0,0.0,204.5078,0.0,0.0,59.668
0.3,0.05,CsSn0.95Ge0.05(I0.70Br0.30)3,1.4449499999999997,0.011069440000000002,-1.3209990000000003,0.8626035547087756,0.7828871471156751,0.6914383171784326,0.28156329715510064,0.9923909578034295,0.6236312389314029,0.46190499454907114,67,202,0.0,0.0,0.0,0.0586,77.0465,0.0,0.0,0.0,0.0,198.1061,0.0,0.0,66.751
0.35,0.05,CsSn0.95Ge0.05(I0.65Br0.35)3,1.46655,0.01104583,-1.3236105,0.8631735749569096,0.7005519727114182,0.6919826933179655,0.2800965258617178,0.9924895176028713,0.6058879439949764,0.48926049540358024,74,194,0.0,0.0,0.0,0.0015,83.4871,0.0,0.0,0.0,0.0,191.0096,0.0,0.0,74.1276
0.4,0.05,CsSn0.95Ge0.05(I0.60Br0.40)3,1.4888000000000001,0.01102222,-1.3262220000000002,0.8637477897431259,0.6113828012697365,0.6925274980501493,0.2786373955430243,0.9925881603920078,0.5849782018280679,0.5163447098085323,80,185,0.0,0.0,0.0,0.0,90.6351,0.0,0.0,0.0,0.0,183.2573,0.0,0.0,81.728
0.45,0.05,CsSn0.95Ge0.05(I0.55Br0.45)3,1.5116999999999998,0.010998609999999999,-1.3288335000000002,0.8643262455371492,0.5193740778419559,0.6930727317124191,0.27718586639425047,0.9926868797521705,0.5609970939450293,0.5426777738001669,88,176,0.0,0.0,0.0,0.0,98.2543,0.0,0.0,0.0,0.0,175.007,0.0,0.0,89.728
0.5,0.05,CsSn0.95Ge0.05(I0.50Br0.50)3,1.53525,0.010975,-1.3314450000000002,0.8649089894976767,0.4286270628242829,0.6936183946424759,0.2757418988179842,0.992785669058698,0.5341209501613744,0.5677165779711578,96,168,0.0,0.0,0.0,0.0,106.1069,0.0,0.0,0.0,0.0,166.4763,0.0,0.0,97.9562
0.55,0.05,CsSn0.95Ge0.05(I0.45Br0.55)3,1.55945,0.01095139,-1.3340565000000002,0.8654960694851926,0.34294523818493194,0.6941644871782863,0.2743054534230919,0.9928845214750295,0.5046091110761399,0.5908629480262104,103,159,0.0,0.0,0.0,0.0,114.1238,0.0,0.0,0.0,0.0,157.958,0.0,0.0,106.4402
0.6,0.05,CsSn0.95Ge0.05(I0.40Br0.60)3,1.5843,0.01092778,-1.3366680000000002,0.8660875340750741,0.2654635978644257,0.6947110096580832,0.2728764910236434,0.9929834299466197,0.4728020165831189,0.611476626561392,114,147,0.0,0.0,0.0,0.0,122.3333,0.0,0.0,0.0,0.0001,149.8151,0.0,0.0,115.142
0.65,0.05,CsSn0.95Ge0.05(I0.35Br0.65)3,1.6098000000000001,0.01090417,-1.3392795000000002,0.8666834325709861,0.1983740500333336,0.6952579624203655,0.271454972637843,0.9930823871946695,0.43911520772643714,0.6288934275734447,122,133,0.0,0.0,0.0,0.0,130.7436,0.0,0.0,0.0,0.0003,142.4419,0.0,0.0,124.1568
0.7,0.05,CsSn0.95Ge0.05(I0.30Br0.70)3,1.6359499999999998,0.010880559999999997,-1.3418910000000002,0.8672838150185841,0.14279225032243956,0.6958053458038992,0.2700408594869662,0.9931813857096663,0.40402906919853115,0.6424486098070611,131,124,0.0,0.0,0.0,0.0,139.3481,0.0,0.0,0.0,0.0004,136.5668,0.0,0.0,133.4496
0.75,0.05,CsSn0.95Ge0.05(I0.25Br0.75)3,1.66275,0.010856949999999999,-1.3445025000000002,0.8678887322195232,0.09878250920660275,0.6963531601477161,0.2686341129943019,0.9932804177447269,0.3680744398887903,0.6515050839702599,140,118,0.0,0.0,0.0,0.0,148.1641,0.0,0.0,0.0,0.0005,132.7118,0.0,0.0,142.974
0.8,0.05,CsSn0.95Ge0.05(I0.20Br0.80)3,1.6902,0.010833339999999999,-1.3471140000000001,0.8684982357457895,0.0655242993809887,0.6969014057911159,0.2672346947840996,0.9933794753087384,0.3318145590208178,0.6554855480200218,149,116,0.0,0.0,0.0,0.0,157.1437,0.0,0.0,0.0,0.0003,131.2372,0.0,0.0,152.6636
0.85,0.05,CsSn0.95Ge0.05(I0.15Br0.85)3,1.7183000000000002,0.01080973,-1.3497255000000001,0.8691123779543547,0.04157559261024671,0.6974500830736646,0.2658425666805231,0.9934785501592872,0.2958241659309102,0.653907068194694,160,117,0.0,0.0,0.0,0.0,166.2942,0.0,0.0,0.0,0.0009,132.454,0.0,0.0,162.5004
0.9,0.05,CsSn0.95Ge0.05(I0.10Br0.90)3,1.74705,0.01078612,-1.3523370000000001,0.8697312120021707,0.025172745717161438,0.6979991923351963,0.26445769070660863,0.9935776337953725,0.26066689526301934,0.6464160449059558,169,123,0.0,0.0,0.0,0.0,175.5683,0.0,0.0,0.0,0.0008,136.6066,0.0,0.0,172.4868
0.95,0.05,CsSn0.95Ge0.05(I0.05Br0.95)3,1.77645,0.01076251,-1.3549485000000001,0.8703547918615052,0.014507637333634948,0.698548733915812,0.26308002908322903,0.9936767174498944,0.22687236530365937,0.632820993811988,179,131,0.0,0.0,0.0,0.0,184.9736,0.0,0.0,0.0,0.0013,143.5497,0.0,0.0,182.595
1.0,0.05,CsSn0.95Ge0.05(I0.00Br1.00)3,1.8065,0.010738900000000001,-1.35756,0.870983172335635,0.007938348681301393,0.6990987081558807,0.2617095442280631,0.9937757920819107,0.19491450584984252,0.6131202179904572,189,145,0.0,0.0,0.0,0.0,194.186,0.0,0.0,0.0,0.0005,153.0626,0.0,0.0,192.5774
0.0,0.1,CsSn0.90Ge0.10I3,1.348,0.0106222,-1.23666,0.8650661670887898,0.9985787886565143,0.7018234984116722,0.3332974314895889,0.9928122007120631,0.6939486393722865,0.3487648633318138,31,224,0.0038,0.0761,0.2081,0.5424,47.0822,0.0,0.0,0.0,0.0,218.9763,0.0,0.1644,32.9556
0.05,0.1,CsSn0.90Ge0.10(I0.95Br0.05)3,1.3665749999999999,0.01059998,-1.2391330000000003,0.8656365891865409,0.984428495422177,0.7023435082360283,0.33165301239413686,0.9929080820984063,0.6907671645002383,0.3739427880453707,33,220,0.0,0.0569,0.1914,0.5547,47.3712,0.0,0.0,0.0,0.0,214.7226,0.0,0.0732,34.5514
0.1,0.1,CsSn0.90Ge0.10(I0.90Br0.10)3,1.3858,0.010577760000000002,-1.2416060000000002,0.8662111460261662,0.954455534311337,0.702863903356998,0.33001670651500764,0.9930040145946243,0.6847443660856293,0.40031253535678885,35,215,0.0,0.0094,0.1586,0.5203,49.1038,0.0,0.0,0.0,0.0,209.583,0.0,0.0164,37.1748
0.15,0.1,CsSn0.90Ge0.10(I0.85Br0.15)3,1.405675,0.010555539999999999,-1.2440790000000002,0.8667898827276138,0.9086011918731369,0.7033846840600637,0.3283884738233063,0.9930999915152912,0.6756733243732446,0.42769473762850996,40,210,0.0,0.0,0.0693,0.4729,52.3761,0.0,0.0,0.0,0.0,203.5499,0.0,0.0,40.7882
0.2,0.1,CsSn0.90Ge0.10(I0.80Br0.20)3,1.4262000000000001,0.01053332,-1.246552,0.8673728450697169,0.8477912093554946,0.7039058506309188,0.32676827448763207,0.9931960059696927,0.6633910122495709,0.45585035117757045,46,204,0.0,0.0,0.0021,0.4008,56.9635,0.0,0.0,0.0,0.0,196.6571,0.0,0.0,46.3648
0.25,0.1,CsSn0.90Ge0.10(I0.75Br0.25)3,1.447375,0.0105111,-1.249025,0.8679600795022657,0.7739804372709519,0.7044274033554687,0.3251560688731039,0.9932920508560827,0.6477892886943086,0.4844748262150294,53,195,0.0,0.0,0.0,0.2027,62.7628,0.0,0.0,0.0,0.0,188.9541,0.0,0.0,54.159
0.3,0.1,CsSn0.90Ge0.10(I0.70Br0.30)3,1.4691999999999998,0.01048888,-1.251498,0.8685516331583458,0.6900801314789191,0.7049493425198304,0.3235518175403908,0.9933881188557696,0.6288253766978826,0.5131938236254582,64,188,0.0,0.0,0.0,0.0106,69.7933,0.0,0.0,0.0,0.0,180.4758,0.0,0.0,63.3482
0.35,0.1,CsSn0.90Ge0.10(I0.65Br0.35)3,1.491675,0.01046666,-1.2539710000000002,0.8691475538669465,0.5997580147367749,0.7054716684103332,0.3219554812447471,0.9934842024270268,0.606531145149451,0.5415611999384824,72,177,0.0,0.0,0.0,0.0,77.9493,0.0,0.0,0.0,0.0,171.3117,0.0,0.0,72.9342
0.4,0.1,CsSn0.90Ge0.10(I0.60Br0.40)3,1.5148000000000004,0.01044444,-1.2564440000000001,0.8697478901658554,0.507123411974341,0.7059943813135181,0.32036702093505276,0.993580293798823,0.5810204513419436,0.5690600453853738,83,166,0.0,0.0,0.0,0.0,86.8089,0.0,0.0,0.0,0.0,161.6638,0.0,0.0,82.564
0.45,0.1,CsSn0.90Ge0.10(I0.55Br0.45)3,1.538575,0.010422220000000001,-1.2589170000000003,0.8703526913148331,0.41633404538986113,0.7065174815161388,0.31878639775285716,0.993676384964363,0.5524937855183442,0.5951075737354794,91,156,0.0,0.0,0.0,0.0,95.9811,0.0,0.0,0.0,0.0,151.8514,0.0,0.0,91.909
0.5,0.1,CsSn0.90Ge0.10(I0.50Br0.50)3,1.563,0.010400000000000001,-1.26139,0.8709620073090911,0.33118144258311966,0.7070409693051614,0.3172135730314297,0.9937724676744378,0.5212395052102413,0.6190646061335875,101,142,0.0,0.0,0.0,0.0,105.3074,0.0,0.0,0.0,0.0,142.2644,0.0,0.0,101.122
0.55,0.1,CsSn0.90Ge0.10(I0.45Br0.55)3,1.5880750000000001,0.01037778,-1.2638630000000002,0.8715758888930657,0.2547220451815549,0.7075648449677645,0.31564850829481245,0.9938685334305738,0.48763106562900965,0.6402502444450757,109,126,0.0,0.0,0.0,0.0,114.7056,0.0,0.0,0.0,0.0007,133.2234,0.0,0.0,110.4898
0.6,0.1,CsSn0.90Ge0.10(I0.40Br0.60)3,1.6138000000000001,0.01035556,-1.2663360000000001,0.8721943875745067,0.18901651460282287,0.7080891087913396,0.3140911652568805,0.9939645734779751,0.452119847984995,0.6579620764535805,119,114,0.0,0.0,0.0,0.0,124.1451,0.0,0.0,0.0,0.0017,125.2262,0.0,0.0,120.0594
0.65,0.1,CsSn0.90Ge0.10(I0.35Br0.65)3,1.6401750000000002,0.010333340000000002,-1.268809,0.8728175556388839,0.13501977714690908,0.708613761063491,0.3125415058204042,0.9940605787982544,0.41522345720481313,0.6715018872202075,129,107,0.0,0.0,0.0,0.0,133.6354,0.0,0.0,0.0,0.0022,119.042,0.0,0.0,129.7902
0.7,0.1,CsSn0.90Ge0.10(I0.30Br0.70)3,1.6671999999999998,0.01031112,-1.2712820000000002,0.8734454461641219,0.09263321062632103,0.7091388020720364,0.31099949207611743,0.9941565401019432,0.37750969110655064,0.6802063718658551,137,101,0.0,0.0,0.0,0.0,143.1854,0.0,0.0,0.0,0.0029,115.008,0.0,0.0,139.689
0.75,0.1,CsSn0.90Ge0.10(I0.25Br0.75)3,1.694875,0.0102889,-1.273755,0.8740781130356687,0.06089625011943667,0.7096642321050063,0.30946508630179104,0.9942524478207745,0.3395767510472156,0.6834817754781559,148,96,0.0,0.0,0.0,0.0,152.8272,0.0,0.0,0.0,0.0049,113.6142,0.0,0.0,149.714
0.8,0.1,CsSn0.90Ge0.10(I0.20Br0.80)3,1.7232000000000003,0.010266679999999999,-1.2762280000000001,0.8747156109619143,0.038267248128334916,0.710190051450645,0.30793825096130845,0.9943482920997309,0.3020306358026604,0.6808407661805022,157,100,0.0,0.0,0.0,0.0,162.5749,0.0,0.0,0.0,0.0056,115.1551,0.0,0.0,159.8392
0.85,0.1,CsSn0.90Ge0.10(I0.15Br0.85)3,1.7521749999999998,0.01024446,-1.278701,0.8753579954899577,0.022930347810001302,0.71071626039741,0.30641894870374914,0.9944440627888504,0.26546099497316505,0.6719392390135568,168,105,0.0,0.0,0.0,0.0,172.3671,0.0,0.0,0.0,0.0061,119.8859,0.0,0.0,170.062
0.9,0.1,CsSn0.90Ge0.10(I0.10Br0.90)3,1.7818,0.010222240000000002,-1.281174,0.876005323021744,0.013069235807989577,0.711242859233973,0.3049071423624738,0.994539749434782,0.2304169714780568,0.6566102312015258,177,115,0.0,0.0,0.0,0.0,182.2638,0.0,0.0,0.0,0.0062,127.8769,0.0,0.0,180.3714
0.95,0.1,CsSn0.90Ge0.10(I0.05Br0.95)3,1.8120749999999999,0.010200019999999997,-1.2836470000000002,0.8766576508305698,0.007066930767657633,0.7117698482492194,0.3034027949542153,0.9946353412720798,0.19738469356547572,0.6348917956348504,188,129,0.0,0.0,0.0,0.0,191.9571,0.0,0.0,0.0,0.003,138.8103,0.0,0.0,190.5762
1.0,0.1,CsSn0.90Ge0.10(I0.00Br1.00)3,1.843,0.010177799999999999,-1.28612,0.8773150370779782,0.0036158720473195,0.7122972277322484,0.30190586967817473,0.994730827214233,0.16676805377783102,0.6070456216542204,197,150,0.0,0.0,0.0,0.0,200.8212,0.0,0.0,0.0,0.0003,151.6885,0.0,0.0,199.8362
0.0,0.15,CsSn0.85Ge0.15I3,1.367,0.0100333,-1.16799,0.8709420882237324,0.9839305142725084,0.7157364020748864,0.3823648582154185,0.9937693381648323,0.7192341082486672,0.3900156659015204,21,217,0.0096,0.1382,0.3366,0.7592,34.6461,0.0,0.0,0.0,0.0,209.0312,0.0,0.5432,23.5172
0.05,0.15,CsSn0.85Ge0.15(I0.95Br0.05)3,1.3864499999999997,0.01001247,-1.1703245,0.871537762722883,0.9531845692803752,0.716233534284487,0.38058375790668075,0.9938625886479531,0.7128564143650612,0.41783224229951793,25,212,0.0,0.098,0.3175,0.7374,36.141,0.0,0.0,0.0,0.0,202.8777,0.0,0.433,25.9876
0.1,0.15,CsSn0.85Ge0.15(I0.90Br0.10)3,1.40655,0.009991639999999998,-1.1726590000000001,0.8721377845499884,0.9062681408213523,0.7167310117894129,0.3788109541718607,0.9939558154264538,0.703235245905016,0.44670189352949347,28,205,0.0,0.0094,0.2667,0.6995,39.1519,0.0,0.0,0.0,0.0,195.6819,0.0,0.227,29.1974
0.15,0.15,CsSn0.85Ge0.15(I0.85Br0.15)3,1.4273,0.009970809999999998,-1.1749935,0.8727422014705931,0.8442032464902448,0.7172288348294974,0.3770464083645454,0.994049010270814,0.6902029976324185,0.4763656605674011,34,198,0.0,0.0,0.0504,0.6677,43.4514,0.0,0.0,0.0,0.0,187.5342,0.0,0.0022,34.0948
0.2,0.15,CsSn0.85Ge0.15(I0.80Br0.20)3,1.4487,0.00994998,-1.177328,0.8733510619525684,0.7690718437876597,0.7177270036447405,0.37529008201834074,0.9941421647114652,0.6736517539390531,0.5064944123963786,41,189,0.0,0.0,0.0,0.5931,49.1291,0.0,0.0,0.0,0.0,178.5105,0.0,0.0,41.277
0.25,0.15,CsSn0.85Ge0.15(I0.75Br0.25)3,1.47075,0.00992915,-1.1796625,0.8739644151790686,0.6839288488708598,0.7182255184753087,0.3735419368460337,0.9942352700321626,0.6535443607517719,0.5366845075036637,50,180,0.0,0.0,0.0,0.184,56.3251,0.0,0.0,0.0,0.0,168.6934,0.0,0.0,50.7084
0.3,0.15,CsSn0.85Ge0.15(I0.70Br0.30)3,1.49345,0.009908319999999998,-1.181997,0.8745823110617751,0.592582900087888,0.7187243795615355,0.3718019347387581,0.9943283172631602,0.6299241174869107,0.5664559751602947,63,170,0.0,0.0,0.0,0.0,64.9038,0.0,0.0,0.0,0.0,158.2465,0.0,0.0,61.9042
0.35,0.15,CsSn0.85Ge0.15(I0.65Br0.35)3,1.5168000000000001,0.009887489999999999,-1.1843314999999999,0.8752048002544351,0.4992603601094717,0.7192235871439211,0.3700700377651628,0.9944212971741838,0.602922286080829,0.5952540621486919,75,155,0.0,0.0,0.0,0.0,74.5031,0.0,0.0,0.0,0.0,147.4012,0.0,0.0,73.66
0.4,0.15,CsSn0.85Ge0.15(I0.60Br0.40)3,1.5408000000000002,0.009866659999999998,-1.186666,0.8758319341667046,0.4081933898195395,0.719723141463133,0.3683462081705853,0.994514200267196,0.5727626063255359,0.6224549966968199,85,139,0.0,0.0,0.0,0.0,84.7008,0.0,0.0,0.0,0.0,136.5117,0.0,0.0,84.82
0.45,0.15,CsSn0.85Ge0.15(I0.55Br0.45)3,1.5654499999999998,0.00984583,-1.1890005,0.8764637649783013,0.3231933590629646,0.7202230427600056,0.3666304083762292,0.9946070167689456,0.5397620672115363,0.6473767488467302,95,121,0.0,0.0,0.0,0.0,95.1585,0.0,0.0,0.0,0.0003,126.0357,0.0,0.0,95.1834
0.5,0.15,CsSn0.85Ge0.15(I0.50Br0.50)3,1.59075,0.009824999999999997,-1.1913349999999998,0.8771003456534779,0.24727981674977523,0.7207232912755409,0.36492260097834417,0.9946997366232957,0.5043273234332528,0.6692953941737009,104,108,0.0,0.0,0.0,0.0,105.7174,0.0,0.0,0.0,0.0037,116.3409,0.0,0.0,105.3282
0.55,0.15,CsSn0.85Ge0.15(I0.45Br0.55)3,1.6166999999999998,0.009804169999999997,-1.1936695,0.8777417299558212,0.18242839200092126,0.7212238872509079,0.3632227487474109,0.9947923494833202,0.4669463687650286,0.6874673991712624,115,94,0.0,0.0,0.0,0.0,116.3012,0.0,0.0,0.0,0.0084,107.9424,0.0,0.0,115.4768
0.6,0.15,CsSn0.85Ge0.15(I0.40Br0.60)3,1.6433000000000002,0.00978334,-1.196004,0.8783879724633898,0.1294782973393664,0.7217248309274434,0.3615308146273297,0.9948848447031657,0.4281753787245493,0.7011577343260579,124,88,0.0,0.0,0.0,0.0,126.792,0.0,0.0,0.0,0.0131,101.4864,0.0,0.0,125.7302
0.65,0.15,CsSn0.85Ge0.15(I0.35Br0.65)3,1.6705500000000002,0.009762509999999999,-1.1983384999999998,0.8790391285841953,0.08820660881608668,0.722226122546652,0.35984676173461305,0.9949772113296672,0.3886209979848296,0.7096731915256543,135,81,0.0,0.0,0.0,0.0,137.2567,0.0,0.0,0.0,0.0159,97.3681,0.0,0.0,136.017
0.7,0.15,CsSn0.85Ge0.15(I0.30Br0.70)3,1.69845,0.009741679999999997,-1.2006729999999999,0.8796952545720381,0.057541238962883615,0.7227277623502053,0.3581705533575797,0.9950694380937108,0.3489187460608176,0.7123996611614959,145,80,0.0,0.0,0.0,0.0,147.6823,0.0,0.0,0.0,0.019,96.019,0.0,0.0,146.3986
0.75,0.15,CsSn0.85Ge0.15(I0.25Br0.75)3,1.7269999999999999,0.00972085,-1.2030075,0.8803564075427087,0.03585759067641397,0.7232297505799435,0.3565021529555569,0.9951615134013362,0.3097086101442204,0.7088414581201626,156,83,0.0,0.0,0.0,0.0,158.0818,0.0,0.0,0.0,0.0222,97.8139,0.0,0.0,156.8574
0.8,0.15,CsSn0.85Ge0.15(I0.20Br0.80)3,1.7562,0.009700019999999998,-1.205342,0.8810226454905614,0.021292773086441976,0.7237320874778747,0.35484152415808223,0.9952534253245678,0.2716092414965829,0.6986601442676477,165,90,0.0,0.0,0.0,0.0,168.4854,0.0,0.0,0.0,0.0249,103.0218,0.0,0.0,167.3328
0.85,0.15,CsSn0.85Ge0.15(I0.15Br0.85)3,1.78605,0.009679189999999999,-1.2076765,0.8816940273054715,0.012018036424788651,0.7242347732861745,0.35318863076411106,0.9953451615919683,0.23519242415573097,0.6817097667277408,176,98,0.0,0.0,0.0,0.0,178.9127,0.0,0.0,0.0,0.0179,111.6828,0.0,0.0,177.86
0.9,0.15,CsSn0.85Ge0.15(I0.10Br0.90)3,1.8165499999999999,0.009658359999999998,-1.2100109999999997,0.8823706127901887,0.00643074747135317,0.7247378082471875,0.35154343674122795,0.9954367095789032,0.20095959885718664,0.6580651161512476,186,113,0.0,0.0,0.0,0.0,189.1338,0.0,0.0,0.0,0.008,123.5599,0.0,0.0,188.2844
0.95,0.15,CsSn0.85Ge0.15(I0.05Br0.95)3,1.8477,0.009637529999999998,-1.2123455,0.8830524626780941,0.0032536292211977386,0.725241192603426,0.3499059062248595,0.9955280562975078,0.16932216977951794,0.6280396052963865,196,135,0.0,0.0,0.0,0.0,198.6052,0.0,0.0,0.0,0.0006,137.7984,0.0,0.0,197.9592
1.0,0.15,CsSn0.85Ge0.15(I0.00Br1.00)3,1.8795,0.009616699999999999,-1.21468,0.8837396386513726,0.0015523186608946322,0.7257449265975712,0.34827600351749527,0.9956191883863461,0.14058708439935158,0.5921897543698543,204,157,0.0,0.0,0.0,0.0,206.9517,0.0,0.0,0.0,0.0,153.3689,0.0,0.0,206.4056
0.0,0.2,CsSn0.80Ge0.20I3,1.3860000000000001,0.009444399999999999,-1.09932,0.8768983791006425,0.9540661958837777,0.7299251142409222,0.43865590006103594,0.9946704059723187,0.7424462135195923,0.43439333623738735,16,209,0.0168,0.2475,0.563,0.9035,24.8596,0.0,0.0,0.0,0.0,195.1853,0.0,0.9702,16.3228
0.05,0.2,CsSn0.80Ge0.20(I0.95Br0.05)3,1.406325,0.00942496,-1.101516,0.8775199468782414,0.9068704427724352,0.730398258997295,0.43673354792338853,0.9947604166533389,0.732419682184734,0.46482160461389516,19,200,0.0,0.1676,0.4717,0.8904,27.4368,0.0,0.0,0.0,0.0,186.9512,0.0,0.8468,19.2046
0.1,0.2,CsSn0.80Ge0.20(I0.90Br0.10)3,1.4273,0.009405519999999999,-1.103712,0.8781460822084006,0.8442032464902448,0.7308717104508292,0.43481962024267995,0.9948503197994369,0.7187680459990439,0.49608074175508676,22,192,0.0,0.0071,0.3943,0.8701,31.2435,0.0,0.0,0.0,0.0,177.627,0.0,0.611,23.3464
0.15,0.2,CsSn0.80Ge0.20(I0.85Br0.15)3,1.448925,0.00938608,-1.105908,0.8787768356233554,0.7682354526192336,0.7313454688003288,0.43291408009982935,0.9949401054690864,0.7013808307786937,0.5278177255746763,30,182,0.0,0.0,0.0585,0.8275,36.5232,0.0,0.0,0.0,0.0,167.3808,0.0,0.0356,29.527
0.2,0.2,CsSn0.80Ge0.20(I0.80Br0.20)3,1.4712000000000003,0.009366639999999999,-1.1081040000000002,0.8794122584035038,0.6821396416884441,0.7318195342447269,0.431016890737548,0.9950297634421995,0.6802239390654978,0.5595999011295073,38,172,0.0,0.0,0.0,0.7941,43.5035,0.0,0.0,0.0,0.0,156.3405,0.0,0.0,38.034
0.25,0.2,CsSn0.80Ge0.20(I0.75Br0.25)3,1.494125,0.0093472,-1.1103,0.8800524025913066,0.5898552418399162,0.7322939069830855,0.4291280155596325,0.9951192832125151,0.6553498713793421,0.5909132655297116,49,158,0.0,0.0,0.0,0.2552,52.1059,0.0,0.0,0.0,0.0,144.7224,0.0,0.0,49.2512
0.3,0.2,CsSn0.80Ge0.20(I0.70Br0.30)3,1.5176999999999998,0.00932776,-1.112496,0.8806973210054949,0.4957331229875076,0.7327685872145955,0.42724741813025635,0.995208653979762,0.6269055187196771,0.6211644374151595,65,141,0.0,0.0,0.0,0.0,61.9814,0.0,0.0,0.0,0.0,132.8393,0.0,0.0,62.6108
0.35,0.2,CsSn0.80Ge0.20(I0.65Br0.35)3,1.5419250000000002,0.00930832,-1.114692,0.881347067255597,0.40410426718739373,0.7332435751385772,0.42537506217326854,0.9952978646415904,0.5951366556580703,0.649687223556283,77,120,0.0,0.0,0.0,0.0,72.8258,0.0,0.0,0.0,0.0,121.0382,0.0,0.0,76.0534
0.4,0.2,CsSn0.80Ge0.20(I0.60Br0.40)3,1.5668,0.00928888,-1.1168879999999999,0.8820016957567955,0.3188380453326346,0.7337188709544797,0.42351091157149406,0.9953869037852667,0.5603883375478313,0.6757546073787172,89,103,0.0,0.0,0.0,0.0,84.1742,0.0,0.0,0.0,0.0051,109.8862,0.0,0.0,88.2216
0.45,0.2,CsSn0.80Ge0.20(I0.55Br0.45)3,1.592325,0.00926944,-1.1190840000000002,0.8826612617451184,0.24296391436553988,0.7341944748618819,0.42165493036603585,0.9954757596791195,0.5231005660202652,0.6985967864844703,100,91,0.0,0.0,0.0,0.0,95.7422,0.0,0.0,0.0001,0.0185,99.6874,0.0,0.0,99.4876
0.5,0.2,CsSn0.80Ge0.20(I0.50Br0.50)3,1.6185,0.00925,-1.12128,0.8833258212929741,0.17842167750218918,0.7346703870604917,0.41980708275558326,0.9955644202637323,0.48379883745777846,0.7174255615143473,110,78,0.0,0.0,0.0,0.0,107.3636,0.0,0.0,0.0001,0.0368,90.9717,0.0,0.0,110.3898
0.55,0.2,CsSn0.80Ge0.20(I0.45Br0.55)3,1.6453250000000001,0.009230559999999999,-1.123476,0.8839954313250441,0.12598025067378607,0.7351466077501464,0.417967333095719,0.9956528731428734,0.443079522793606,0.7314649204179174,121,71,0.0,0.0,0.0,0.0,118.8906,0.0,0.0,0.0001,0.0504,84.3593,0.0,0.0,121.1868
0.6,0.2,CsSn0.80Ge0.20(I0.40Br0.60)3,1.6728000000000003,0.00921112,-1.1256720000000002,0.8846701496345363,0.08532900143533642,0.7356231371308132,0.416135645898233,0.9957411055741547,0.40159042505123077,0.7399870796322636,132,66,0.0,0.0,0.0,0.0,130.3233,0.0,0.0,0.0002,0.0584,80.2112,0.0,0.0,131.9532
0.65,0.2,CsSn0.80Ge0.20(I0.35Br0.65)3,1.7009250000000002,0.009191679999999999,-1.127868,0.8853500348998125,0.05530903435593266,0.7360999754025884,0.4143119858304385,0.9958291044594083,0.3600072923164992,0.7423525667639771,143,64,0.0,0.0,0.0,0.0,141.5938,0.0,0.0,0.0001,0.0663,78.9699,0.0,0.0,142.706
0.7,0.2,CsSn0.80Ge0.20(I0.30Br0.70)3,1.7297,0.00917224,-1.130064,0.8860351467014009,0.034224894169879574,0.7365771227656986,0.41249631771448864,0.9959168563347763,0.3190074861404557,0.7380522119771153,153,68,0.0,0.0,0.0,0.0,152.7834,0.0,0.0,0.0002,0.0718,80.974,0.0,0.0,153.5
0.75,0.2,CsSn0.80Ge0.20(I0.25Br0.75)3,1.7591249999999998,0.009152799999999999,-1.13226,0.8867255455394004,0.020167483878058404,0.7370545794204998,0.4106886065266991,0.996004347360499,0.2792423691550621,0.7267482353979877,164,75,0.0,0.0,0.0,0.0,163.8488,0.0,0.0,0.0004,0.0741,86.4383,0.0,0.0,164.3002
0.8,0.2,CsSn0.80Ge0.20(I0.20Br0.80)3,1.7892,0.00913336,-1.1344560000000001,0.88742129285129,0.011288009506863773,0.7375323455674778,0.40888881739687255,0.9960915633103953,0.2413102298444381,0.7083110734267567,174,84,0.0,0.0,0.0,0.0,174.8678,0.0,0.0,0.0005,0.0537,95.4796,0.0,0.0,175.084
0.85,0.2,CsSn0.80Ge0.20(I0.15Br0.85)3,1.8199249999999998,0.00911392,-1.136652,0.8881224510301549,0.005985591436829578,0.7380104214072489,0.40709691560762584,0.9961784895610233,0.20573166171796514,0.6828482863953614,185,97,0.0,0.0,0.0,0.0,185.6442,0.0,0.0,0.0001,0.0253,107.8713,0.0,0.0,185.7284
0.9,0.2,CsSn0.80Ge0.20(I0.10Br0.90)3,1.8513,0.009094479999999999,-1.1388479999999999,0.8888290834433376,0.002998916499984594,0.7384888071405588,0.4053128665937197,0.9962651110805111,0.1729292272635585,0.6507219376363667,195,119,0.0,0.0,0.0,0.0,195.7363,0.0,0.0,0.0,0.0048,122.9941,0.0,0.0,195.7758
0.95,0.2,CsSn0.80Ge0.20(I0.05Br0.95)3,1.883325,0.00907504,-1.141044,0.8895412544515288,0.0014158210333782058,0.7389675029682834,0.40353663594139266,0.9963514124170458,0.14321295388579222,0.6125513101180803,203,146,0.0,0.0,0.0,0.0,204.7555,0.0,0.0,0.0,0.0,139.9779,0.0,0.0,204.6462
1.0,0.2,CsSn0.80Ge0.20(I0.00Br1.00)3,1.916,0.0090556,-1.14324,0.8902590294283089,0.0006281070149764998,0.7394465090914294,0.4017681893876973,0.9964373776870108,0.11677274548997771,0.5691987668533821,211,165,0.0,0.0,0.0,0.0,212.4915,0.0,0.0,0.0,0.0,157.5585,0.0,0.0,212.2456
0.0,0.25,CsSn0.75Ge0.25I3,1.405,0.008855499999999999,-1.03065,0.8829366999972804,0.9103839103891425,0.7443951025197096,0.5032340041823395,0.9955126123388078,0.7633280236010059,0.48187649745643996,10,196,0.0313,0.4027,0.7584,0.9787,17.4003,0.0,0.0,0.0,0.0,177.6782,0.0,0.9998,10.94
0.05,0.25,CsSn0.75Ge0.25(I0.95Br0.05)3,1.4262,0.008837449999999998,-1.0327075000000001,0.8835848213383122,0.8477912093554953,0.7448431150032994,0.5011674511042039,0.9955987381096949,0.7492128680206915,0.5148229968263451,12,187,0.0,0.314,0.705,0.9752,20.6022,0.0,0.0,0.0,0.0,167.316,0.0,0.9984,14.293
0.1,0.25,CsSn0.75Ge0.25(I0.90Br0.10)3,1.44805,0.0088194,-1.0347650000000002,0.8842377383976066,0.7714834527548833,0.7452913971221737,0.49910938441925573,0.9956846628900502,0.7311265737974558,0.5482802691876186,20,174,0.0,0.003,0.5794,0.9696,25.2352,0.0,0.0,0.0,0.0,155.98,0.0,0.9862,19.295
0.15,0.25,CsSn0.75Ge0.25(I0.85Br0.15)3,1.47055,0.00880135,-1.0368225000000002,0.8848955046010826,0.6847235796250188,0.7457399490386124,0.4970597692777395,0.9957703748458893,0.7090349236459272,0.5817872219904319,27,163,0.0,0.0,0.1084,0.9564,31.6781,0.0,0.0,0.0,0.0,143.8663,0.0,0.1408,26.5328
0.2,0.25,CsSn0.75Ge0.25(I0.80Br0.20)3,1.4937000000000002,0.0087833,-1.0388800000000002,0.885558174171194,0.591572585451416,0.7461887709149922,0.4950185709730119,0.9958558618220951,0.6829968194768113,0.6147958139638697,36,143,0.0,0.0,0.0,0.8202,39.9259,0.0,0.0,0.0,0.0,131.2497,0.0,0.0,36.5792
0.25,0.25,CsSn0.75Ge0.25(I0.75Br0.25)3,1.5175,0.008765249999999999,-1.0409375,0.8862258021418303,0.49651633839970155,0.746637862913788,0.4929857549409542,0.9959411113337152,0.6531725064666679,0.6466733314368521,51,122,0.0,0.0,0.0,0.5369,49.7202,0.0,0.0,0.0,0.0,118.4565,0.0,0.0,49.8512
0.3,0.25,CsSn0.75Ge0.25(I0.70Br0.30)3,1.5419499999999997,0.0087472,-1.042995,0.886898444373551,0.40401360646382567,0.7470872251975723,0.4909612867593864,0.9960261105570044,0.6198281818056195,0.6767096567636215,69,102,0.0,0.0,0.0,0.0148,60.7793,0.0,0.0,0.0,0.004,105.9334,0.0,0.0,65.1662
0.35,0.25,CsSn0.75Ge0.25(I0.65Br0.35)3,1.56705,0.00872915,-1.0450525,0.8875761575691671,0.31803514326731497,0.7475368579290155,0.48894513214748464,0.9961108463202027,0.5833361349838017,0.7041304104133665,82,85,0.0,0.0,0.0,0.0,72.6908,0.0,0.0,0.0,0.0317,94.2347,0.0,0.0,79.7288
0.4,0.25,CsSn0.75Ge0.25(I0.60Br0.40)3,1.5928000000000002,0.0087111,-1.04711,0.8882589992896753,0.24167190861207602,0.7479867612708859,0.4869372569652013,0.9961953050940427,0.5441697483738994,0.7281166257954028,93,74,0.0,0.0,0.0,0.0,85.0512,0.0,0.0,0.0007,0.0705,83.6369,0.0,0.0,92.6878
0.45,0.25,CsSn0.75Ge0.25(I0.55Br0.45)3,1.6192000000000002,0.00869305,-1.0491675,0.8889470279705544,0.17688050473559272,0.7484369353860498,0.48493762721268613,0.9962794729819733,0.5028929664396243,0.7478312546065249,105,63,0.0,0.0,0.0,0.0,97.5995,0.0,0.0,0.0018,0.1185,74.7173,0.0,0.0,104.6138
0.5,0.25,CsSn0.75Ge0.25(I0.50Br0.50)3,1.64625,0.008674999999999999,-1.051225,0.8896403029384361,0.12440643286396799,0.7488873804374716,0.4829462090297109,0.9963633357100949,0.4601442106826809,0.7624522944250891,116,56,0.0,0.0,0.0,0.0,110.0919,0.0,0.0,0.002,0.1537,68.0246,0.0,0.0,116.1272
0.55,0.25,CsSn0.75Ge0.25(I0.45Br0.55)3,1.67395,0.00865695,-1.0532825000000001,0.890338884428158,0.08388738322383459,0.7493380965882135,0.48096296869509586,0.9964468786167946,0.4166151537208927,0.7712116911868614,128,51,0.0,0.0,0.0,0.0,122.4584,0.0,0.0,0.0024,0.1787,63.9946,0.0,0.0,127.4364
0.6,0.25,CsSn0.75Ge0.25(I0.40Br0.60)3,1.7023000000000001,0.0086389,-1.05534,0.8910428336002084,0.054100191383099745,0.749789084001436,0.478987872626139,0.9965300866420707,0.37302523439628443,0.773438431757107,139,50,0.0,0.0,0.0,0.0,134.6634,0.0,0.0,0.0048,0.1903,62.8554,0.0,0.0,138.66
0.65,0.25,CsSn0.75Ge0.25(I0.35Br0.65)3,1.7313,0.00862085,-1.0573975,0.891752212558577,0.03328758118675356,0.7502403428403978,0.47702088737804654,0.9966129443165382,0.33009324954008135,0.7686034669910594,150,53,0.0,0.0,0.0,0.0,146.6393,0.0,0.0,0.0048,0.201,64.9432,0.0,0.0,149.7774
0.7,0.25,CsSn0.75Ge0.25(I0.30Br0.70)3,1.76095,0.008602799999999999,-1.059455,0.8924670843690188,0.01949195643761158,0.750691873268456,0.47506197964336794,0.9966954357501041,0.28850774249660444,0.7563633804463646,162,60,0.0,0.0,0.0,0.0,158.4641,0.0,0.0,0.005,0.172,70.488,0.0,0.0,160.9076
0.75,0.25,CsSn0.75Ge0.25(I0.25Br0.75)3,1.79125,0.008584749999999999,-1.0615125,0.8931875130777441,0.010834338237605066,0.7511436754490657,0.473111116251431,0.9967775446203003,0.24889816836461442,0.7365991502695657,173,69,0.0,0.0,0.0,0.0,170.1124,0.0,0.0,0.0046,0.1282,79.6261,0.0,0.0,171.976
0.8,0.25,CsSn0.75Ge0.25(I0.20Br0.80)3,1.8222000000000003,0.0085667,-1.06357,0.8939135637305466,0.005701415002545957,0.7515957495457806,0.47116826416778046,0.9968592541602649,0.21180890316678072,0.709446059765778,183,82,0.0,0.0,0.0,0.0,181.4996,0.0,0.0,0.0007,0.0715,92.2364,0.0,0.0,182.8824
0.85,0.25,CsSn0.75Ge0.25(I0.15Br0.85)3,1.8538000000000001,0.00854865,-1.0656275,0.8946453023923807,0.002832900381888878,0.7520480957222528,0.46923339049361806,0.9969405471463578,0.1776780469883495,0.6753109069995027,193,104,0.0,0.0,0.0,0.0,192.2091,0.0,0.0,0.0,0.0224,107.8336,0.0,0.0,193.2744
0.9,0.25,CsSn0.75Ge0.25(I0.10Br0.90)3,1.8860500000000002,0.0085306,-1.067685,0.8953827961673995,0.001325436567523368,0.752500714142233,0.46730646246524654,0.9970214058854016,0.1468226416099853,0.6348732284260344,202,130,0.0,0.0,0.0,0.0,201.8989,0.0,0.0,0.0,0.0,125.7432,0.0,0.0,202.6158
0.95,0.25,CsSn0.75Ge0.25(I0.05Br0.95)3,1.9189500000000002,0.008512549999999999,-1.0697425,0.8961261132194706,0.000582306632570046,0.7529536049695702,0.465387447453514,0.9971018122015307,0.1194314021753939,0.5890683176674746,209,160,0.0,0.0,0.0,0.0,210.3102,0.0,0.0,0.0,0.0,144.8089,0.0,0.0,210.6124
1.0,0.25,CsSn0.75Ge0.25(I0.00Br1.00)3,1.9525000000000001,0.008494499999999999,-1.0718,0.8968753227931767,0.00023953630749285666,0.7534067683682121,0.4634763129632615,0.9971817474226408,0.09556540022940942,0.5390513483145348,216,179,0.0,0.0,0.0,0.0,217.3541,0.0,0.0,0.0,0.0,163.5254,0.0,0.0,217.3158
0.0,0.3,CsSn0.70Ge0.30I3,1.424,0.008266599999999999,-0.9619800000000001,0.889058757239172,0.8548750167246699,0.7591519429107251,0.5773191764436627,0.9962930526869249,0.7816432910159744,0.5324018103550286,7,181,0.046,0.6253,0.917,0.999,11.7868,0.0,0.0,0.0,0.0,156.9654,0.0062,1.0,7.124
0.05,0.3,CsSn0.70Ge0.30(I0.95Br0.05)3,1.4460749999999998,0.008249939999999999,-0.9638990000000001,0.8897341125477499,0.7787678037198753,0.7595736423707341,0.575107672036096,0.9963746104609355,0.7630226359473852,0.5676969274469097,11,169,0.0,0.4134,0.8863,0.9984,15.556,0.0,0.0,0.0,0.0,144.7004,0.0,1.0,10.8146
0.1,0.3,CsSn0.70Ge0.30(I0.90Br0.10)3,1.4688,0.00823328,-0.9658180000000002,0.8904144999977139,0.6916645313311939,0.7599955760795468,0.5729046391152635,0.9964558635199139,0.7401363668939848,0.6030707071494988,18,152,0.0,0.0027,0.7901,0.998,21.1223,0.0,0.0,0.0,0.0,131.689,0.0,1.0,16.6032
0.15,0.3,CsSn0.70Ge0.30(I0.85Br0.15)3,1.492175,0.00821662,-0.9677370000000001,0.8910999760418816,0.5977365792546878,0.7604177441672859,0.5707100452299131,0.9965367979436517,0.7130463042788867,0.6379413563626752,24,127,0.0,0.0,0.3666,0.9741,28.6535,0.0,0.0,0.0,0.0,118.2032,0.0,0.4756,25.0562
0.2,0.3,CsSn0.70Ge0.30(I0.80Br0.20)3,1.5162,0.00819996,-0.9696560000000001,0.8917905979806567,0.5016157508758018,0.7608401467641457,0.5685238580531016,0.9966173994438536,0.6819231533613944,0.6716362995745435,37,106,0.0,0.0,0.0,0.7968,38.0049,0.0,0.0,0.0,0.0009,104.6662,0.0,0.0,36.8976
0.25,0.3,CsSn0.70Ge0.30(I0.75Br0.25)3,1.540875,0.0081833,-0.971575,0.892486423977997,0.40792021280363133,0.7612627840003929,0.566346045381719,0.9966976533542301,0.6470514028396922,0.703400013561545,54,86,0.0,0.0,0.0,0.5967,48.9185,0.0,0.0,0.0,0.055,91.545,0.0,0.0,52.3336
0.3,0.3,CsSn0.70Ge0.30(I0.70Br0.30)3,1.5661999999999998,0.00816664,-0.973494,0.8931875130777441,0.32076965471443075,0.7616856560063672,0.5641765751360136,0.9967775446203003,0.6088293597431931,0.7324082162417583,71,70,0.0,0.0,0.0,0.2447,61.0324,0.0,0.0,0.0003,0.124,79.3974,0.0,0.0,69.1784
0.35,0.3,CsSn0.70Ge0.30(I0.65Br0.35)3,1.5921750000000001,0.00814998,-0.9754130000000001,0.8938939252203238,0.24337284242550392,0.76210876291248,0.5620154153591203,0.9968570577888951,0.567763600586208,0.7577891160634707,86,59,0.0,0.0,0.0,0.0,73.9035,0.0,0.0001,0.0066,0.2196,68.5487,0.0,0.0,84.4842
0.4,0.3,CsSn0.70Ge0.30(I0.60Br0.40)3,1.6188,0.00813332,-0.977332,0.8946057212598301,0.1777600114125353,0.7625321048492154,0.5598625342165893,0.996936176997349,0.5244574284444062,0.7786520304279961,99,49,0.0,0.0,0.0,0.0,87.1889,0.0,0.0,0.0181,0.311,59.5335,0.0,0.0,97.965
0.45,0.3,CsSn0.70Ge0.30(I0.55Br0.45)3,1.646075,0.008116660000000001,-0.9792510000000001,0.8953229629815004,0.12470303040845086,0.7629556819471301,0.5577178999959168,0.9970148859623751,0.4795933320002522,0.794123126040192,111,43,0.0,0.0,0.0,0.0,100.5463,0.0,0.0,0.0242,0.3958,52.9386,0.0,0.0,110.4222
0.5,0.3,CsSn0.70Ge0.30(I0.50Br0.50)3,1.6740000000000002,0.0081,-0.98117,0.896045713119593,0.08382514790159931,0.7633794943368531,0.5555814811060792,0.9970931679686065,0.4339099209566542,0.8033873346861912,123,37,0.0,0.0,0.0,0.0,113.7973,0.0,0.0,0.0285,0.468,49.0013,0.0,0.0,122.3878
0.55,0.3,CsSn0.70Ge0.30(I0.45Br0.55)3,1.702575,0.00808334,-0.9830890000000001,0.8967740353756792,0.05386106882872144,0.7638035421490863,0.5534532460770657,0.9971710058568003,0.3881743229516303,0.8057346941077563,136,36,0.0,0.0,0.0,0.0,126.9113,0.0,0.0,0.0325,0.4871,47.9353,0.0,0.0,134.1276
0.6,0.3,CsSn0.70Ge0.30(I0.40Br0.60)3,1.7318,0.00806668,-0.9850080000000001,0.8975079944373593,0.03299919868774567,0.7642278255146037,0.5513331635594171,0.9972483820116865,0.34315151797273424,0.8006085235758964,147,40,0.0,0.0,0.0,0.0,139.7521,0.0,0.0,0.0374,0.4371,49.9796,0.0,0.0,145.6822
0.65,0.3,CsSn0.70Ge0.30(I0.35Br0.65)3,1.761675,0.00805002,-0.9869270000000001,0.8982476559974142,0.019229129006347677,0.7646523445642522,0.549221202323762,0.9973252783494556,0.29957249726021534,0.7876520640241672,158,45,0.0,0.0,0.0,0.0,152.3319,0.0,0.0001,0.0386,0.3629,55.3723,0.0,0.0,157.1388
0.7,0.3,CsSn0.70Ge0.30(I0.30Br0.70)3,1.7922,0.00803336,-0.9888460000000001,0.8989930867734071,0.010629654860906253,0.7650770994289516,0.5471173312603579,0.997401676304868,0.2581034044654124,0.7667496121265713,170,54,0.0,0.0,0.0,0.0,164.6945,0.0,0.0,0.0288,0.2726,64.37,0.0,0.0,168.514
0.75,0.3,CsSn0.70Ge0.30(I0.25Br0.75)3,1.823375,0.0080167,-0.9907650000000001,0.899744354527744,0.005559466519796508,0.7655020902396942,0.5450215193786327,0.9974775568179779,0.21931789593899892,0.7380578853242907,182,67,0.0,0.0,0.0,0.0,176.7195,0.0,0.0,0.0088,0.1777,76.9324,0.0,0.0,179.7142
0.8,0.3,CsSn0.70Ge0.30(I0.20Br0.80)3,1.8552000000000002,0.00800004,-0.9926840000000001,0.9005015280882073,0.0027436460840423752,0.765927317127545,0.5429337358067282,0.9975529003204539,0.18367481153237405,0.7020234902867059,191,87,0.0,0.0,0.0,0.0,188.0648,0.0,0.0,0.0,0.0853,92.6788,0.0,0.0,190.4528
0.85,0.3,CsSn0.70Ge0.30(I0.15Br0.85)3,1.887675,0.00798338,-0.9946030000000001,0.9012646773689766,0.0012741079224906178,0.766352780223642,0.5408539497910451,0.9976276867214862,0.15150287110004435,0.659383017561353,200,112,0.0,0.0,0.0,0.0,198.4141,0.0,0.0,0.0,0.0085,111.1157,0.0,0.0,200.257
0.9,0.3,CsSn0.70Ge0.30(I0.10Br0.90)3,1.9208,0.00796672,-0.996522,0.9020338733921491,0.0005551945306249766,0.7667784796591958,0.5387821306957904,0.9977018953932655,0.12299353073310007,0.6111434791254595,208,148,0.0,0.0,0.0,0.0,207.5199,0.0,0.0,0.0,0.0,131.1947,0.0,0.0,208.728
0.95,0.3,CsSn0.70Ge0.30(I0.05Br0.95)3,1.9545750000000002,0.007950059999999998,-0.9984410000000001,0.9028091883097716,0.000226359220976095,0.7672044155654901,0.5367182480025255,0.9977755051560186,0.09820240432279916,0.5585424925702565,215,173,0.0,0.0,0.0,0.0,215.2223,0.0,0.0,0.0,0.0,151.5455,0.0,0.0,215.822
1.0,0.3,CsSn0.70Ge0.30(I0.00Br1.00)3,1.989,0.0079334,-1.00036,0.9035906954264034,8.609818540207228e-05,0.7676305880738815,0.5346622713097182,0.9978484942625871,0.0770588642729795,0.5029896537849364,221,190,0.0,0.0,0.0,0.0,221.517,0.0,0.0,0.0,0.0,170.4953,0.0,0.0,221.6284
0.0,0.35,CsSn0.65Ge0.35I3,1.443,0.0076777,-0.89331,0.8952663048071726,0.7899737550287145,0.7742013219516978,0.6623110296990652,0.9970087054739514,0.7971808866208524,0.5858604448017152,4,161,0.0536,0.8196,0.9899,1.0,7.7962,0.0,0.0,0.0,0.0,133.8768,0.0504,1.0,4.5262
0.05,0.35,CsSn0.65Ge0.35(I0.95Br0.05)3,1.4659499999999999,0.00766243,-0.8950905000000001,0.8959695953486607,0.7029144723291024,0.7745954907320156,0.6599567344328744,0.9970849723411375,0.7736709164269332,0.623249307070755,9,138,0.0,0.6507,0.9529,1.0,12.191,0.0,0.0,0.0,0.0,120.0837,0.0,1.0,8.5618
0.1,0.35,CsSn0.65Ge0.35(I0.90Br0.10)3,1.4895500000000002,0.007647159999999999,-0.8968710000000002,0.8966781630428753,0.6083502462289083,0.7749898601953122,0.6576108079027485,0.9971608198206691,0.7456687867884164,0.6601595287725446,15,111,0.0,0.0115,0.8567,0.9989,18.6495,0.0,0.0,0.0,0.0256,105.8543,0.0,0.9984,15.193
0.15,0.35,CsSn0.65Ge0.35(I0.85Br0.15)3,1.5138,0.00763189,-0.8986515,0.8973920675093043,0.51106718382634,0.775384430443761,0.6552732203606165,0.9972362316982226,0.7133520030127047,0.69587844107513,23,92,0.0,0.0,0.6341,0.8927,27.1657,0.0,0.0,0.0,0.1081,91.7098,0.0,0.5868,25.0488
0.2,0.35,CsSn0.65Ge0.35(I0.80Br0.20)3,1.5387000000000002,0.00761662,-0.9004320000000001,0.8981113692689114,0.41587485683697156,0.7757792015795878,0.6529439421641512,0.9973111913397067,0.6770205425324892,0.7296037772705827,39,73,0.0,0.0,0.0372,0.7486,37.5971,0.0,0.0,0.0,0.2159,78.1135,0.0,0.0004,38.9232
0.25,0.35,CsSn0.65Ge0.35(I0.75Br0.25)3,1.5642500000000001,0.00760135,-0.9022125000000001,0.8988361297612397,0.3270924259032953,0.7761741737050704,0.6506229437763946,0.9973856816800255,0.6370969776824369,0.7604587618990839,61,58,0.0,0.0,0.0,0.5548,49.4978,0.0,0.0,0.0139,0.3361,65.6608,0.0,0.0,56.397
0.3,0.35,CsSn0.65Ge0.35(I0.70Br0.30)3,1.59045,0.00758608,-0.903993,0.8995664113619052,0.24810744296166376,0.7765693469225382,0.6483101957653827,0.9974596852115137,0.5941205302817579,0.7875148374359887,78,46,0.0,0.0,0.0,0.3465,62.5519,0.0,0.0002,0.0518,0.4632,54.7342,0.0,0.0,74.284
0.35,0.35,CsSn0.65Ge0.35(I0.65Br0.35)3,1.6173000000000002,0.007570809999999999,-0.9057735,0.9003022774004918,0.18108581895300876,0.7769647213343734,0.6460056688037722,0.9975331839720302,0.5487346131537659,0.8098223674604899,92,35,0.0,0.0,0.0,0.13,76.2896,0.0,0.0016,0.0974,0.5969,45.7936,0.0,0.0,90.0372
0.4,0.35,CsSn0.65Ge0.35(I0.60Br0.40)3,1.6448000000000003,0.0075555399999999995,-0.9075540000000001,0.9010437921788599,0.12688019299675604,0.77736029704301,0.6437093336684685,0.9976061595327022,0.5016678604154651,0.8264490485205511,107,31,0.0,0.0,0.0,0.007,90.346,0.0,0.0019,0.1339,0.738,39.3096,0.0,0.0,103.8746
0.45,0.35,CsSn0.65Ge0.35(I0.55Br0.45)3,1.6729500000000002,0.007540270000000001,-0.9093345000000002,0.9017910209898753,0.08513985211421092,0.777756074150934,0.6414211612402559,0.997678592985306,0.4537091733058992,0.8365249991080694,118,27,0.0,0.0,0.0,0.0,104.4465,0.0,0.0021,0.1567,0.8725,35.4639,0.0,0.0,116.7136
0.5,0.35,CsSn0.65Ge0.35(I0.50Br0.50)3,1.70175,0.007525,-0.9111150000000001,0.9025440301365762,0.05458107568122966,0.7781520527606838,0.6391411225034278,0.9977504649292743,0.4056778673475622,0.8392926170479502,130,25,0.0,0.0,0.0,0.0,118.3742,0.0,0.0037,0.1668,0.9168,34.3643,0.0,0.0,129.0842
0.55,0.35,CsSn0.65Ge0.35(I0.45Br0.55)3,1.7311999999999999,0.007509729999999999,-0.9128955000000001,0.9033028869517844,0.033345514947405626,0.7785482329748499,0.6368691885454182,0.9978217554583166,0.35839054175393165,0.834158381794321,144,29,0.0,0.0,0.0,0.0,132.0892,0.0,0.0047,0.1813,0.8134,36.248,0.0,0.0,141.1416
0.6,0.35,CsSn0.65Ge0.35(I0.40Br0.60)3,1.7613,0.00749446,-0.914676,0.9040676598181747,0.01936468520111402,0.7789446148960751,0.6346053305564362,0.9978924441466407,0.31262673692644727,0.820742932341167,155,32,0.0,0.0,0.0,0.0,145.5023,0.0,0.0042,0.1651,0.6549,41.3175,0.0,0.0,152.9952
0.65,0.35,CsSn0.65Ge0.35(I0.35Br0.65)3,1.7920500000000001,0.00747919,-0.9164565,0.9048384181888186,0.010661742747090872,0.7793411986270544,0.6323495198290998,0.9979625100347618,0.26909573441555534,0.7989251056836965,166,41,0.0,0.0,0.0,0.0,158.608,0.0,0.0039,0.1144,0.5122,49.9286,0.0,0.0,164.6998
0.7,0.35,CsSn0.65Ge0.35(I0.30Br0.70)3,1.82345,0.00746392,-0.9182370000000001,0.9056152326082089,0.005550515348217047,0.7797379842705353,0.6301017277580723,0.998031931614886,0.22840692998332804,0.768875316181583,178,52,0.0,0.0,0.0,0.0,171.339,0.0,0.0005,0.0553,0.3677,62.1558,0.0,0.0,176.201
0.75,0.35,CsSn0.65Ge0.35(I0.25Br0.75)3,1.8555000000000001,0.007448649999999999,-0.9200175000000002,0.9063981747337831,0.0027248582000796787,0.7801349719293171,0.6278619258396995,0.9981006868158532,0.19104603952526686,0.7310738229474577,190,72,0.0,0.0,0.0,0.0,183.3936,0.0,0.0,0.0069,0.2338,77.7609,0.0,0.0,187.284
0.8,0.35,CsSn0.65Ge0.35(I0.20Br0.80)3,1.8882,0.00743338,-0.9217980000000001,0.9071873173579595,0.0012579218787156852,0.7805321617062521,0.6256300856716482,0.9981687529876256,0.15735897473428265,0.6863101633065877,199,95,0.0,0.0,0.0,0.0,194.435,0.0,0.0,0.0,0.1047,96.3479,0.0,0.0,197.5344
0.85,0.35,CsSn0.65Ge0.35(I0.15Br0.85)3,1.92155,0.0074181099999999995,-0.9235785000000001,0.9079827344306968,0.0005445425356007652,0.7809295537042443,0.6234061789525461,0.9982361068853068,0.12754458095050134,0.6356613531925346,207,128,0.0,0.0,0.0,0.0,204.2125,0.0,0.0,0.0,0.0016,117.0678,0.0,0.0,206.549
0.9,0.35,CsSn0.65Ge0.35(I0.10Br0.90)3,1.95555,0.007402839999999999,-0.925359,0.9087845010825942,0.00022040582417559584,0.7813271480262506,0.6211901774816228,0.9983027246526742,0.10165662905130031,0.5804483095220069,214,164,0.0,0.0,0.0,0.0,212.5976,0.0,0.0,0.0,0.0,138.6347,0.0,0.0,214.119
0.95,0.35,CsSn0.65Ge0.35(I0.05Br0.95)3,1.9902000000000002,0.0073875699999999996,-0.9271395,0.9095926936485492,8.316636526166943e-05,0.7817249447752801,0.6189820531583519,0.99836858180521,0.07961459013108318,0.5221721742142347,220,184,0.0,0.0,0.0,0.0,219.4764,0.0,0.0,0.0,0.0,159.3365,0.0,0.0,220.2848
1.0,0.35,CsSn0.65Ge0.35(I0.00Br1.00)3,2.0255,0.0073723,-0.9289200000000001,0.9104073896919841,2.916765990391847e-05,0.7821229440543944,0.6167817779820953,0.998433653212614,0.06122190510015812,0.46243455856709414,225,201,0.0,0.0,0.0,0.0,224.9307,0.0,0.0,0.0,0.0,177.9531,0.0,0.0,225.1648
0.0,0.4,CsSn0.60Ge0.40I3,1.462,0.007088799999999999,-0.82464,0.901561146012848,0.7183807517633503,0.7895490389099135,0.7598152251986418,0.9976564278876472,0.8097588409510559,0.6420951337454531,3,125,0.0619,0.9514,0.9872,1.0,5.2791,0.0,0.0,0.0,0.0875,109.3221,0.1176,1.0,2.8582
0.05,0.4,CsSn0.60Ge0.40(I0.95Br0.05)3,1.4858249999999997,0.007074919999999998,-0.8262820000000001,0.9022930946884802,0.6234080405154447,0.789914421450559,0.7573240846906443,0.9977266391933372,0.781018722200172,0.6812294099810305,8,99,0.0,0.8316,0.9414,1.0,10.314,0.0,0.0,0.0,0.1756,94.5276,0.0,1.0,7.3652
0.1,0.4,CsSn0.60Ge0.40(I0.90Br0.10)3,1.5103,0.007061039999999999,-0.827924,0.903030574462417,0.5249297216426279,0.7902799730806397,0.754841111669721,0.9977963047741482,0.7476440719038331,0.7191910401677601,13,77,0.0,0.5329,0.8318,0.9613,17.6106,0.0,0.0,0.0,0.2831,79.8603,0.0,0.9764,14.979
0.15,0.4,CsSn0.60Ge0.40(I0.85Br0.15)3,1.5354249999999998,0.0070471599999999985,-0.829566,0.9037736482675088,0.42797634773779863,0.7906456938784057,0.752366279357838,0.9978654058987787,0.7099466951366692,0.7551299774120575,26,61,0.0,0.0,0.6353,0.833,27.0936,0.0,0.0,0.0326,0.4048,65.9083,0.0,0.4942,26.4904
0.2,0.4,CsSn0.60Ge0.40(I0.80Br0.20)3,1.5612,0.007033279999999999,-0.831208,0.9045223799949744,0.33711846274890334,0.7910115839221433,0.7498995610647561,0.9979339233593855,0.6683709518948201,0.7881144627554411,42,44,0.0,0.0,0.3717,0.7012,38.4424,0.0,0.0001,0.1323,0.541,53.3294,0.0,0.0118,42.6296
0.25,0.4,CsSn0.60Ge0.40(I0.75Br0.25)3,1.587625,0.0070193999999999986,-0.83285,0.9052768345127136,0.2559878370327203,0.7913776432901752,0.747440930187743,0.9980018374588825,0.6234876153390462,0.8171550869827233,68,33,0.0,0.0,0.1058,0.5178,51.2763,0.0,0.0131,0.2488,0.6822,42.4752,0.0,0.0,61.7508
0.3,0.4,CsSn0.60Ge0.40(I0.70Br0.30)3,1.6146999999999998,0.0070055199999999995,-0.8344919999999999,0.9060370776840415,0.1869543351721438,0.7917438720608602,0.7449903602112871,0.9980691279978676,0.5759806341088866,0.8412375141196736,84,24,0.0,0.0,0.0,0.351,65.1888,0.0,0.0399,0.3812,0.8209,33.6491,0.0,0.0,80.2246
0.35,0.4,CsSn0.60Ge0.40(I0.65Br0.35)3,1.642425,0.006991639999999999,-0.836134,0.9068031763868561,0.1310123069659255,0.7921102703125933,0.7425478247068098,0.9981357742611662,0.5266267890279483,0.8593636018375584,98,20,0.0,0.0,0.0,0.1786,79.6794,0.0,0.0565,0.491,0.9435,27.3405,0.0,0.0,96.1964
0.4,0.4,CsSn0.60Ge0.40(I0.60Br0.40)3,1.6708,0.006977759999999999,-0.8377760000000001,0.9075751985332491,0.08788311767828684,0.7924768381238059,0.7401132973323826,0.9982017550039769,0.47626881115467606,0.870599821553291,112,17,0.0,0.0,0.0,0.0877,94.4223,0.0,0.064,0.5942,0.9892,23.5815,0.0,0.0,110.2846
0.45,0.4,CsSn0.60Ge0.40(I0.55Br0.45)3,1.699825,0.0069638799999999995,-0.8394180000000001,0.9083532130895752,0.0562921221139325,0.7928435755729658,0.7376867518324418,0.9982670484376087,0.4257831426287748,0.8741309228907982,126,15,0.0,0.0,0.0,0.0283,109.1662,0.0,0.0716,0.6052,0.9993,22.4053,0.0,0.0,123.4378
0.5,0.4,CsSn0.60Ge0.40(I0.50Br0.50)3,1.7295,0.00695,-0.8410600000000001,0.9091372900969896,0.03434362425022395,0.7932104827385767,0.7352681620375051,0.9983316322147953,0.3760441098078945,0.8693157864079932,138,19,0.0,0.0,0.0,0.0031,123.6996,0.0,0.0745,0.5705,0.9826,23.9934,0.0,0.0,136.079
0.55,0.4,CsSn0.60Ge0.40(I0.45Br0.55)3,1.759825,0.0069361200000000005,-0.842702,0.9099275006924672,0.019906001418688295,0.7935775596991793,0.7328575018638906,0.9983954834145718,0.32788676634081165,0.8557414825910018,151,21,0.0,0.0,0.0,0.0,137.9579,0.0,0.0852,0.4734,0.9149,28.5701,0.0,0.0,148.376
0.6,0.4,CsSn0.60Ge0.40(I0.40Br0.60)3,1.7908,0.00692224,-0.844344,0.9107239171303176,0.010932511505970102,0.7939448065333501,0.7304547453134336,0.9984585785267017,0.28207097887954213,0.8332708483707971,163,30,0.0,0.0,0.0,0.0,151.8484,0.0,0.056,0.3512,0.7817,36.5521,0.0,0.0,160.457
0.65,0.4,CsSn0.60Ge0.40(I0.35Br0.65)3,1.822425,0.006908359999999999,-0.8459859999999999,0.9115266128042091,0.005673982573507951,0.794312223319702,0.7280598664732084,0.9985208934356367,0.23924940860573907,0.8020785602255636,175,39,0.0,0.0,0.0,0.0,165.347,0.0,0.0158,0.2196,0.612,48.1453,0.0,0.0,172.3024
0.7,0.4,CsSn0.60Ge0.40(I0.30Br0.70)3,1.8546999999999998,0.00689448,-0.847628,0.9123356622697143,0.0027752228679823222,0.7946798101368844,0.7256728395152467,0.9985824034039955,0.19994184971415452,0.762670868217172,187,55,0.0,0.0,0.0,0.0,178.1576,0.0,0.0,0.097,0.447,63.2875,0.0,0.0,183.719
0.75,0.4,CsSn0.60Ge0.40(I0.25Br0.75)3,1.8876249999999999,0.0068806,-0.84927,0.9131511412673956,0.0012756594557487837,0.7950475670635833,0.7232936386962617,0.9986430830555459,0.16451791706114782,0.7158849592256943,198,79,0.0,0.0,0.0,0.0,189.9573,0.0,0.0,0.0014,0.2849,81.7008,0.0,0.0,194.449
0.8,0.4,CsSn0.60Ge0.40(I0.20Br0.80)3,1.9212,0.006866719999999999,-0.850912,0.9139731267464417,0.0005494895020301062,0.7954154941785208,0.7209222383573674,0.9987029063576714,0.13318936414995414,0.6628653689846533,206,110,0.0,0.0,0.0,0.0,200.4852,0.0,0.0,0.0,0.1259,102.706,0.0,0.0,203.9918
0.85,0.4,CsSn0.60Ge0.40(I0.15Br0.85)3,1.9554249999999997,0.006852839999999999,-0.852554,0.9148016968888711,0.000221160764316789,0.7957835915604554,0.7185586129238039,0.9987618466033084,0.10601243289622438,0.6050168922453639,213,151,0.0,0.0,0.0,0.0,209.5684,0.0,0.0,0.0,0.017,125.096,0.0,0.0,212.1172
0.9,0.4,CsSn0.60Ge0.40(I0.10Br0.90)3,1.9902999999999997,0.00683896,-0.854196,0.9156369311343228,8.292636143863339e-05,0.7961518592881824,0.7162027369046613,0.9988198763923323,0.08289969239955708,0.5439358687799638,219,175,0.0,0.0,0.0,0.0,217.1018,0.0,0.0,0.0,0.0,147.2038,0.0,0.0,218.767
0.95,0.4,CsSn0.60Ge0.40(I0.05Br0.95)3,2.0258249999999998,0.006825079999999999,-0.8558380000000001,0.9164789102054445,2.8880208804620954e-05,0.7965202974405333,0.7138545848926039,0.9988769676123787,0.06363993569234773,0.48132426615446083,224,197,0.0,0.0,0.0,0.0,223.0855,0.0,0.0,0.0,0.0,167.6943,0.0,0.0,223.9974
1.0,0.4,CsSn0.60Ge0.40(I0.00Br1.00)3,2.062,0.0068112,-0.85748,0.9173277161338994,9.313096814128804e-06,0.7968889060963762,0.7115141315635979,0.9989330914190757,0.047923988711455555,0.4188932805936323,228,211,0.0,0.0,0.0,0.0,227.6114,0.0,0.0,0.0,0.0,185.3593,0.0,0.0,227.9272
0.0,0.45,CsSn0.55Ge0.45I3,1.481,0.006499899999999999,-0.75597,0.9079451352450397,0.6428781982384719,0.8052010080169573,0.8716738066493921,0.9982329514224005,0.8192278847737737,0.7008979458264121,2,89,0.0566,0.9436,0.9712,1.0,4.1354,0.0,0.0,0.0496,0.3005,84.3782,0.1318,1.0,2.0794
0.05,0.45,CsSn0.55Ge0.45(I0.95Br0.05)3,1.5056999999999998,0.006487409999999999,-0.7574735,0.9087064874006872,0.5432725114553073,0.805536309830446,0.869056620424347,0.9982962987666524,0.7849691635279807,0.7413289358893856,6,65,0.0,0.8189,0.9046,0.9919,9.7459,0.0,0.0,0.1343,0.4191,69.3516,0.0,0.9996,7.1106
0.1,0.45,CsSn0.55Ge0.45(I0.90Br0.10)3,1.5310500000000002,0.00647492,-0.7589770000000001,0.9094736338965075,0.4443630418233458,0.8058717512703197,0.8664472922577683,0.9983589616288382,0.7460332486942788,0.7797475149547044,14,48,0.0,0.6124,0.7779,0.9081,17.8434,0.0,0.0001,0.252,0.5488,55.1879,0.0,0.892,15.8888
0.15,0.45,CsSn0.55Ge0.45(I0.85Br0.15)3,1.55705,0.00646243,-0.7604804999999999,0.9102466411327068,0.3510226597176083,0.8062073323947221,0.8638457985559661,0.9984209185219607,0.7028828523181497,0.8151647485427866,29,34,0.0,0.263,0.6013,0.7791,28.2166,0.0,0.0597,0.3791,0.6818,42.6156,0.0,0.396,29.4692
0.2,0.45,CsSn0.55Ge0.45(I0.80Br0.20)3,1.5837,0.0064499399999999995,-0.761984,0.9110255765279307,0.26719651264345606,0.8065430532618203,0.8612521157960878,0.9984821474202237,0.6561184294437514,0.8465263297469539,48,22,0.0,0.0279,0.4039,0.6466,40.4237,0.0,0.1876,0.5225,0.8043,31.9321,0.0,0.0198,47.7728
0.25,0.45,CsSn0.55Ge0.45(I0.75Br0.25)3,1.6110000000000002,0.00643745,-0.7634875000000001,0.9118105085388677,0.195533761333718,0.806878913929806,0.8586662205259099,0.9985426257447209,0.6064643504084437,0.8727472084789016,73,16,0.0,0.0,0.2126,0.4826,54.1028,0.0,0.3221,0.6696,0.9034,23.3637,0.0,0.0,68.0332
0.3,0.45,CsSn0.55Ge0.45(I0.70Br0.30)3,1.6389499999999997,0.0064249599999999995,-0.764991,0.9126015066803034,0.13723993975054063,0.8072149144568952,0.8560880893636232,0.9986023303487056,0.5547472800732182,0.892755421105672,90,11,0.0,0.0,0.0842,0.3314,68.7599,0.0,0.4569,0.8142,0.9672,17.2481,0.0,0.0,86.748
0.35,0.45,CsSn0.55Ge0.45(I0.65Br0.35)3,1.6675500000000003,0.00641247,-0.7664944999999999,0.913398641545642,0.09216267511912885,0.807551054901328,0.8535176989976216,0.9986612375024266,0.5018673542596347,0.9055439838378494,106,9,0.0,0.0,0.0181,0.2117,83.9779,0.0,0.5205,0.9411,0.9939,13.604,0.0,0.0,102.747
0.4,0.45,CsSn0.55Ge0.45(I0.60Br0.40)3,1.6968000000000003,0.0063999799999999996,-0.7679980000000001,0.91420198482791,0.059070268302895426,0.8078873353213686,0.8509550261862915,0.9987193228775187,0.4487634219324659,0.9102286657181039,120,6,0.0,0.0,0.0024,0.1093,99.3308,0.0,0.5432,0.9841,0.9995,12.3325,0.0,0.0,117.0164
0.45,0.45,CsSn0.55Ge0.45(I0.55Br0.45)3,1.7267000000000001,0.006387489999999999,-0.7695015000000001,0.9150116093412499,0.03604302194524925,0.8082237557753058,0.848400047757803,0.9987765615309301,0.3963742730172343,0.9061083574977111,133,8,0.0,0.0,0.0,0.0479,114.617,0.0,0.5543,0.9373,0.9946,13.5424,0.0,0.0,130.4362
0.5,0.45,CsSn0.55Ge0.45(I0.50Br0.50)3,1.7572500000000002,0.006375,-0.771005,0.9158275890429199,0.02088268938658987,0.8085603163214524,0.8458527406098981,0.9988329278883746,0.34559831454022105,0.8927237299093274,146,12,0.0,0.0,0.0,0.0223,129.666,0.0,0.466,0.8019,0.9628,17.4591,0.0,0.0,143.3628
0.55,0.45,CsSn0.55Ge0.45(I0.45Br0.55)3,1.78845,0.00636251,-0.7725085,0.9166499990558165,0.011458157137313914,0.8088970170181459,0.8433130817096838,0.998888395727291,0.2972545104705299,0.8699090878397137,159,18,0.0,0.0,0.0,0.0084,144.3855,0.0,0.3275,0.642,0.8898,24.5911,0.0,0.0,155.9086
0.6,0.45,CsSn0.55Ge0.45(I0.40Br0.60)3,1.8203,0.00635002,-0.774012,0.9174789156915282,0.005937886600962515,0.8092338579237475,0.8407810480934221,0.9989429381592944,0.252047494607478,0.83783194751888,172,26,0.0,0.0,0.0,0.0016,158.6495,0.0,0.1865,0.4817,0.7715,35.2613,0.0,0.0,168.137
0.65,0.45,CsSn0.55Ge0.45(I0.35Br0.65)3,1.8528000000000002,0.006337529999999999,-0.7755154999999999,0.9183144164739409,0.0028982711095528343,0.8095708390966431,0.8382566168663244,0.9989965276121012,0.21053955868459748,0.7970150506254324,184,42,0.0,0.0,0.0,0.0004,172.2698,0.0,0.0542,0.3212,0.6207,49.5586,0.0,0.0,179.9736
0.7,0.45,CsSn0.55Ge0.45(I0.30Br0.70)3,1.88595,0.006325039999999999,-0.777019,0.919156580163407,0.0013286568659757357,0.8099079605952427,0.8357397652023416,0.9990491358109136,0.17313170451342863,0.7483363948572203,194,62,0.0,0.0,0.0,0.0,184.8918,0.0,0.0,0.1655,0.4592,67.4299,0.0,0.0,191.0902
0.75,0.45,CsSn0.55Ge0.45(I0.25Br0.75)3,1.91975,0.00631255,-0.7785225,0.9200054867814963,0.0005704343327613471,0.8102452224779808,0.8332304703439614,0.9991007337592407,0.14005516811357965,0.6930044378151052,205,93,0.0,0.0,0.0,0.0,196.2347,0.0,0.0,0.0366,0.2974,88.3329,0.0,0.0,201.1654
0.8,0.45,CsSn0.55Ge0.45(I0.20Br0.80)3,1.9542000000000002,0.00630006,-0.7800260000000001,0.9208612176363411,0.000228689000110143,0.8105826248033163,0.8307287096019992,0.9991512917191426,0.1113738569801519,0.6325078445237382,212,132,0.0,0.0,0.0,0.0,206.0781,0.0,0.0,0.0,0.1474,111.1541,0.0,0.0,209.8568
0.85,0.45,CsSn0.55Ge0.45(I0.15Br0.85)3,1.9893,0.006287569999999999,-0.7815295000000001,0.9217238553485985,8.535619263755665e-05,0.8109201676297322,0.8282344603553949,0.9992007791908745,0.08699710466059239,0.5685418005826929,218,167,0.0,0.0,0.0,0.0,214.3314,0.0,0.0,0.0,0.0538,134.3537,0.0,0.0,217.0324
0.9,0.45,CsSn0.55Ge0.45(I0.10Br0.90)3,2.0250500000000002,0.006275079999999999,-0.7830330000000001,0.9225934838780413,2.957016926211801e-05,0.8112578510157359,0.8257477000510077,0.9992491648919114,0.06670117315964777,0.5029156898141937,223,191,0.0,0.0,0.0,0.0,220.9442,0.0,0.0,0.0,0.0098,156.3926,0.0,0.0,222.7244
0.95,0.45,CsSn0.55Ge0.45(I0.05Br0.95)3,2.0614500000000002,0.006262589999999999,-0.7845365,0.9234701885507987,9.478857913425074e-06,0.8115956750198593,0.8232684062034121,0.9992964167353344,0.05015715321878829,0.4374494431923074,227,207,0.0,0.0,0.0,0.0,225.9574,0.0,0.0,0.0,0.0003,176.0326,0.0,0.0,226.998
1.0,0.45,CsSn0.55Ge0.45(I0.00Br1.00)3,2.0985,0.0062501,-0.7860400000000001,0.9243540560872654,2.8026675752040317e-06,0.8119336397006586,0.8207965563946943,0.9993425018075545,0.036962428895486746,0.37386768877139065,230,221,0.0,0.0,0.0,0.0,229.497,0.0,0.0,0.0,0.0,192.3363,0.0,0.0,229.9574
0.0,0.5,CsSn0.50Ge0.50I3,1.5,0.005911,-0.6873,0.9144201797911612,0.5661541495171978,0.8211632607477595,1.0,0.9987348773371816,0.8254743926977868,0.762008905422908,1,57,0.7201,0.9053,0.9495,0.9985,4.2532,0.0,0.0997,0.2862,0.5196,60.3637,0.694,1.0,2.0004
0.05,0.5,CsSn0.50Ge0.50(I0.95Br0.05)3,1.5255749999999997,0.0058999,-0.6886650000000001,0.9152117040620028,0.4651986871060741,0.8214671473697943,0.9972737230612435,0.9987905064933162,0.7854695714431763,0.8031823058506102,5,38,0.0,0.7649,0.8679,0.9504,10.4226,0.0,0.2157,0.4162,0.6451,46.0504,0.0,0.9872,7.7458
0.1,0.5,CsSn0.50Ge0.50(I0.90Br0.10)3,1.5518,0.0058888,-0.69003,0.9160092955901107,0.36903196967827967,0.821771146450683,0.9945548787084341,0.9988452991943403,0.7408588369096437,0.8413519847720449,17,23,0.0,0.5705,0.736,0.8534,19.288,0.0,0.3498,0.5548,0.7604,33.665,0.0,0.7828,18.1924
0.15,0.5,CsSn0.50Ge0.50(I0.85Br0.15)3,1.5786749999999998,0.0058777,-0.691395,0.9168130244047444,0.28198379321747535,0.822075258032043,0.9918434466782837,0.9988992309420647,0.692269396854766,0.875394972518554,32,14,0.0,0.3661,0.5605,0.7327,30.4407,0.0009,0.4862,0.691,0.8518,23.392,0.0,0.307,34.1072
0.2,0.5,CsSn0.50Ge0.50(I0.80Br0.20)3,1.6062000000000003,0.0058666,-0.69276,0.917622961617045,0.2070653388531955,0.8223794821555069,0.9891394067627479,0.9989522766313492,0.6404651154361437,0.9041494389226407,55,10,0.0,0.1646,0.3874,0.597,43.4347,0.1112,0.633,0.8095,0.9281,15.2546,0.0,0.0178,54.1614
0.25,0.5,CsSn0.50Ge0.50(I0.75Br0.25)3,1.634375,0.0058555,-0.694125,0.9184391794410083,0.14577322401561413,0.8226838188627233,0.9864427388088757,0.9990044105340236,0.586323768544405,0.926461177984806,79,5,0.0,0.0679,0.2458,0.4525,57.8423,0.1417,0.7677,0.9097,0.9757,9.5014,0.0,0.0,75.133
0.3,0.5,CsSn0.50Ge0.50(I0.70Br0.30)3,1.6631999999999996,0.0058444,-0.6954899999999999,0.9192617512149471,0.09814648001519656,0.8229882681953558,0.9837534227186575,0.999055606282336,0.5308063046943833,0.9412390824994381,97,3,0.0,0.0188,0.1295,0.3066,73.1783,0.1446,0.8966,0.9724,0.9955,6.0389,0.0,0.0,93.7574
0.35,0.5,CsSn0.50Ge0.50(I0.65Br0.35)3,1.692675,0.0058333,-0.696855,0.9200907514234594,0.06303958937203422,0.8232928301950835,0.9810714384488768,0.9991058368519171,0.4749194534899493,0.9475173214996901,113,1,0.0,0.0029,0.052,0.2035,88.9706,0.1505,0.9605,0.9956,0.9996,4.6648,0.0,0.0,109.653
0.4,0.5,CsSn0.50Ge0.50(I0.60Br0.40)3,1.7228,0.0058222,-0.6982200000000001,0.9209262557199102,0.038528694638969706,0.823597504903601,0.978396766010961,0.9991550745442401,0.41967375054071165,0.9445207207208216,127,2,0.0,0.0003,0.0228,0.1212,104.8419,0.152,0.9158,0.982,0.9982,5.4393,0.0,0.0,124.0392
0.45,0.5,CsSn0.50Ge0.50(I0.55Br0.45)3,1.7535749999999999,0.0058111,-0.6995850000000001,0.9217683409494474,0.022348769533025177,0.823902292362618,0.9757293854708314,0.9992032909685636,0.36603965902885405,0.9317287071227018,141,4,0.0,0.0,0.009,0.0636,120.5837,0.1568,0.7924,0.929,0.9837,8.5523,0.0,0.0,137.6038
0.5,0.5,CsSn0.50Ge0.50(I0.50Br0.50)3,1.785,0.0058,-0.70095,0.9226170851725628,0.012270521052978281,0.8242071926138603,0.9730692769487557,0.9992504570233373,0.31490487237417925,0.9089322879999595,154,7,0.0,0.0,0.0017,0.0345,136.0444,0.1422,0.6479,0.8182,0.9388,14.548,0.0,0.0,150.6746
0.55,0.5,CsSn0.50Ge0.50(I0.45Br0.55)3,1.817075,0.0057889,-0.702315,0.9234725676892125,0.0063595979120782955,0.8245122056990685,0.9704164206191979,0.9992965428770555,0.26703600199224187,0.8762780841606832,167,13,0.0,0.0,0.0004,0.0168,151.1103,0.0001,0.4939,0.682,0.8508,23.9664,0.0,0.0,163.3258
0.6,0.5,CsSn0.50Ge0.50(I0.40Br0.60)3,1.8498,0.0057778,-0.70368,0.9243348690635174,0.003102746613037114,0.8248173316599989,0.9677707967106733,0.9993415179485385,0.2230476402436642,0.8342936027083959,181,28,0.0,0.0,0.0,0.0069,165.5515,0.0,0.332,0.5313,0.7353,36.9551,0.0,0.0,175.5432
0.65,0.5,CsSn0.50Ge0.50(I0.35Br0.65)3,1.8831749999999998,0.0057667,-0.705045,0.9252040711490538,0.0014209579617269848,0.8251225705384234,0.965132385505599,0.9993853508866243,0.1833812341575922,0.7838888463268522,192,47,0.0,0.0,0.0,0.0021,179.05,0.0,0.1685,0.3698,0.5912,53.8392,0.0,0.0,187.1382
0.7,0.5,CsSn0.50Ge0.50(I0.30Br0.70)3,1.9171999999999996,0.0057556,-0.70641,0.9260802571147552,0.000609085442758176,0.825427922376129,0.9625011673401483,0.9994280095492484,0.14829535205127187,0.7263310532657188,201,76,0.0,0.0,0.0,0.001,191.2237,0.0,0.0533,0.205,0.432,74.1724,0.0,0.0,197.7296
0.75,0.5,CsSn0.50Ge0.50(I0.25Br0.75)3,1.9518749999999998,0.0057445,-0.707775,0.9269635114714403,0.0002436445036719073,0.8257333872149185,0.9598771226041026,0.9994694609818955,0.11786786264186694,0.6631917664703503,210,109,0.0,0.0,0.0,0.0003,201.9226,0.0,0.0087,0.0904,0.2742,96.9934,0.0,0.0,206.988
0.8,0.5,CsSn0.50Ge0.50(I0.20Br0.80)3,1.9872,0.0057334,-0.7091400000000001,0.9278539200989864,9.067995557612587e-05,0.82603896509661,0.9572602317407072,0.9995096713953979,0.09200940295688932,0.5962683264290183,217,154,0.0,0.0,0.0,0.0,210.9773,0.0,0.0,0.0261,0.1486,120.8657,0.0,0.0,214.7622
0.85,0.5,CsSn0.50Ge0.50(I0.15Br0.85)3,2.0231749999999997,0.0057223,-0.710505,0.928751570274164,3.1304924986016076e-05,0.8263446560630372,0.954650475246524,0.9995486061430617,0.07048643574011357,0.527484926959367,222,183,0.0,0.0,0.0,0.0,218.31,0.0,0.0,0.0037,0.0701,144.1922,0.0,0.0,220.9784
0.9,0.5,CsSn0.50Ge0.50(I0.10Br0.90)3,2.0598,0.0057112,-0.71187,0.9296565506991559,9.993248041287295e-06,0.8266504601560489,0.9520478336712868,0.9995862296970964,0.0529513336894567,0.4587811318659001,226,203,0.0,0.0,0.0,0.0,223.9432,0.0,0.0,0.0001,0.0251,165.531,0.0,0.0,225.7082
0.95,0.5,CsSn0.50Ge0.50(I0.05Br0.95)3,2.0970750000000002,0.0057001,-0.7132350000000001,0.9305689515307759,2.9404566058644993e-06,0.82695637741751,0.9494522876177556,0.9996225056243248,0.03897639217892653,0.39199776337523334,229,216,0.0,0.0,0.0,0.0,227.9383,0.0,0.0,0.0,0.008,183.8613,0.0,0.0,229.0146
1.0,0.5,CsSn0.50Ge0.50(I0.00Br1.00)3,2.135,0.005689,-0.7146,0.931488864410409,7.949393615349225e-07,0.8272624078893005,0.9468638177415739,0.9996573965611499,0.028088529217944514,0.3287709409312858,231,227,0.0,0.0,0.0,0.0,230.4798,0.0,0.0,0.0,0.0016,198.4332,0.0,0.0,231.0
