x_Br,z_Ge,Eg_eV,Ehull_proxy_eV_atom,Eox_proxy_eV_Sn,t,SJ_score,Tandem_score,pareto_single,pareto_tandem
0.0,0.0,1.31,0.0118,-1.374,0.8535490139766609,0.6382715038670157,0.27554852502429533,False,False
0.0,0.05,1.329,0.01121111,-1.3053335000000001,0.8592689999228931,0.6668731590564133,0.31062918248463134,False,False
0.0,0.1,1.348,0.01062222,-1.2366670000000002,0.8650661670887898,0.6939582390615289,0.3487696879457934,True,False
0.0,0.15,1.367,0.01003333,-1.1680005000000002,0.8709420882237324,0.7192427391097513,0.39002034611759245,True,False
0.0,0.2,1.3860000000000001,0.00944444,-1.099334,0.8768983791006425,0.7424537617611332,0.4343977525920889,True,False
0.0,0.25,1.405,0.00885555,-1.0306675,0.8829366999972804,0.7633343846943739,0.4818805131106507,True,False
0.0,0.3,1.424,0.00826666,-0.9620010000000001,0.889058757239172,0.7816483717138784,0.532405270978043,True,False
0.0,0.35,1.443,0.00767777,-0.8933345000000001,0.8952663048071726,0.7971846068070036,0.5858631788235037,True,False
0.0,0.4,1.462,0.00708888,-0.8246680000000001,0.901561146012848,0.8097611352710222,0.6420969530175761,True,False
0.0,0.45,1.481,0.00649999,-0.7560015000000001,0.9079451352450397,0.8192287040020682,0.7008986467247084,True,False
0.0,0.5,1.5,0.0059111,-0.6873350000000001,0.9144201797911612,0.8254737048027462,0.7620082704157514,True,True
0.05,0.0,1.326825,0.011774999999999999,-1.3767500000000001,0.8540707796516851,0.640121395187634,0.29558541228517,False,False
0.05,0.05,1.3466999999999998,0.011187498899999999,-1.3079446100000003,0.8598147917701017,0.6664323170484016,0.3331985586981008,True,False
0.05,0.1,1.3665749999999999,0.010599997799999998,-1.2391392200000002,0.8656365891865409,0.6907770022459924,0.3739481136518331,True,False
0.05,0.15,1.3864499999999997,0.0100124967,-1.1703338300000004,0.871537762722883,0.7128654053232865,0.41783751224190746,False,False
0.05,0.2,1.406325,0.0094249956,-1.10152844,0.8775199468782414,0.7324277266384206,0.4648267099325558,False,False
0.05,0.25,1.4262,0.0088374945,-1.0327230500000002,0.8835848213383122,0.7492198763155061,0.5148278125889849,False,False
0.05,0.3,1.4460749999999998,0.008249993399999999,-0.9639176600000001,0.8897341125477499,0.7630285303200148,0.567701312922613,False,False
0.05,0.35,1.4659499999999999,0.0076624923,-0.8951122700000002,0.8959695953486607,0.7736756326102692,0.6232531063062358,False,False
0.05,0.4,1.4858249999999997,0.007074991199999999,-0.8263068800000001,0.9022930946884802,0.7810222107582555,0.6812324528125241,False,False
0.05,0.45,1.5056999999999998,0.006487490099999999,-0.7575014900000001,0.9087064874006872,0.7849713908811423,0.7413310394132256,False,False
0.05,0.5,1.5255749999999997,0.005899988999999999,-0.6886961000000001,0.9152117040620028,0.7854705205528152,0.8031832763631495,True,True
0.1,0.0,1.3443,0.01175,-1.3795000000000002,0.8545962766664591,0.6399422401317201,0.31689735573085076,True,False
0.1,0.05,1.3650499999999999,0.0111638878,-1.3105557200000002,0.8603645131221349,0.6635589955685095,0.3570292693957585,False,False
0.1,0.1,1.3858,0.0105777756,-1.2416114400000002,0.8662111460261662,0.6847543976640736,0.40031839997839,False,False
0.1,0.15,1.40655,0.0099916634,-1.1726671600000003,0.8721377845499884,0.7032445462526414,0.44670780120109976,False,False
0.1,0.2,1.4273,0.0094055512,-1.10372288,0.8781460822084006,0.7187765275120275,0.4960865955423768,False,False
0.1,0.25,1.44805,0.008819439,-1.0347786,0.8842377383976066,0.7311341592750087,0.5482859576249203,False,False
0.1,0.3,1.4688,0.008233326800000001,-0.9658343200000001,0.8904144999977139,0.7401429911441121,0.6030761046564818,False,False
0.1,0.35,1.4895500000000002,0.0076472146000000005,-0.8968900400000002,0.8966781630428753,0.7456743979671491,0.6601644964916896,False,False
0.1,0.4,1.5103,0.0070611024,-0.8279457600000001,0.903030574462417,0.7476486325465816,0.7191954272464858,False,False
0.1,0.45,1.5310500000000002,0.0064749902,-0.7590014800000001,0.9094736338965075,0.746036736407869,0.7797511602828578,False,False
0.1,0.5,1.5518,0.005888878,-0.6900572000000001,0.9160092955901107,0.7408612447047763,0.8413547191704388,True,True
0.15,0.0,1.362425,0.011725,-1.3822500000000002,0.8551255451909084,0.637494324249541,0.33942240828571635,False,False
0.15,0.05,1.38405,0.0111402767,-1.3131668300000003,0.8609182065688389,0.658022956784099,0.38200733861128555,False,False
0.15,0.1,1.405675,0.010555553399999999,-1.2440836600000003,0.8667898827276138,0.6756834989639934,0.4277011780469249,False,False
0.15,0.15,1.4273,0.0099708301,-1.1750004900000004,0.8727422014705931,0.6902125483824773,0.47637225232283564,False,False
0.15,0.2,1.448925,0.0093861068,-1.10591732,0.8787768356233554,0.7013896799226653,0.5278243849169899,False,False
0.15,0.25,1.47055,0.0088013835,-1.0368341500000002,0.8848955046010826,0.7090430037357842,0.5817938519784261,False,False
0.15,0.3,1.492175,0.0082166602,-0.9677509800000001,0.8910999760418816,0.7130535595619439,0.6379478474489996,False,False
0.15,0.35,1.5138,0.0076319369,-0.8986678100000003,0.8973920675093043,0.7133583905140289,0.695884672114568,False,False
0.15,0.4,1.5354249999999998,0.007047213599999999,-0.8295846400000002,0.9037736482675088,0.7099521854123406,0.7551358171064629,False,False
0.15,0.45,1.55705,0.006462490299999999,-0.7605014700000002,0.9102466411327068,0.702887429857631,0.8151700573204982,False,False
0.15,0.5,1.5786749999999998,0.005877766999999999,-0.6914183000000003,0.9168130244047444,0.69227306012335,0.8753996048292065,True,True
0.2,0.0,1.3812000000000002,0.0117,-1.385,0.8556586259736373,0.6325551959046568,0.363059772428376,False,False
0.2,0.05,1.4037,0.0111166656,-1.31577794,0.86147591531777,0.6496235741000917,0.4079697699371047,False,False
0.2,0.1,1.4262000000000001,0.010533331200000001,-1.24655588,0.8673728450697169,0.6634012727765749,0.4558574017175261,False,False
0.2,0.15,1.4487,0.009949996800000001,-1.17733382,0.8733510619525684,0.6736614882772279,0.5065017312935165,False,False
0.2,0.2,1.4712000000000003,0.009366662400000001,-1.10811176,0.8794122584035038,0.6802330768017878,0.559607418472004,False,False
0.2,0.25,1.4937000000000002,0.008783328,-1.0388897,0.885558174171194,0.6830053000733036,0.6148034477259529,False,False
0.2,0.3,1.5162,0.0081999936,-0.96966764,0.8917905979806567,0.6819309273296543,0.6716439562720017,False,False
0.2,0.35,1.5387000000000002,0.007616659200000001,-0.9004455800000001,0.8981113692689114,0.677027572298952,0.7296113530291342,False,False
0.2,0.4,1.5612,0.0070333248,-0.83122352,0.9045223799949744,0.6683772123320558,0.7881218447954814,False,False
0.2,0.45,1.5837,0.0064499904,-0.76200146,0.9110255765279307,0.6561239080555105,0.8465333982713183,False,False
0.2,0.5,1.6062000000000003,0.0058666560000000005,-0.6927794,0.917622961617045,0.6404698121975451,0.9041560693761711,True,True
0.25,0.0,1.400625,0.011675,-1.38775,0.8561955603523856,0.624928633793014,0.3876634077353176,False,False
0.25,0.05,1.424,0.0110930545,-1.3183890500000002,0.8620376832054344,0.6382000491482267,0.4346981103023887,False,False
0.25,0.1,1.447375,0.010511109,-1.2490281,0.8679600795022657,0.6477995724308937,0.4844825173139435,False,False
0.25,0.15,1.47075,0.0099291635,-1.1796671500000002,0.8739644151790686,0.6535542048378439,0.5366925913749395,False,False
0.25,0.2,1.494125,0.009347218,-1.1103062,0.8800524025913066,0.6553592101815482,0.5909216861037419,False,False
0.25,0.25,1.5175,0.0087652725,-1.04094525,0.8862258021418303,0.6531812835311944,0.6466820211681273,False,False
0.25,0.3,1.540875,0.008183327,-0.9715843000000001,0.892486423977997,0.6470595719152202,0.7034088940427742,False,False
0.25,0.35,1.5642500000000001,0.0076013815000000005,-0.9022233500000001,0.8988361297612397,0.6371045034349346,0.7604677448712643,False,False
0.25,0.4,1.587625,0.0070194359999999996,-0.8328624,0.9052768345127136,0.623494473740536,0.8171640757381182,False,False
0.25,0.45,1.6110000000000002,0.0064374904999999994,-0.76350145,0.9118105085388677,0.6064705287954846,0.8727560996363773,False,False
0.25,0.5,1.634375,0.005855544999999999,-0.6941405,0.9184391794410083,0.5863292653555013,0.9264698635990635,True,True
0.3,0.0,1.4206999999999999,0.011649999999999999,-1.3905,0.8567363902647166,0.614454216181719,0.41303586129888625,False,False
0.3,0.05,1.4449499999999997,0.011069443399999998,-1.32100016,0.8626035547087756,0.6236417731913844,0.4619127969601685,False,False
0.3,0.1,1.4691999999999998,0.0104888868,-1.25150032,0.8685516331583458,0.6288356161544658,0.5132021801995892,False,False
0.3,0.15,1.49345,0.009908330199999999,-1.1820004800000001,0.8745823110617751,0.6299339916248407,0.5664648544272964,False,False
0.3,0.2,1.5176999999999998,0.009327773599999999,-1.11250064,0.8806973210054949,0.6269149641673147,0.6211737963631871,False,False
0.3,0.25,1.5419499999999997,0.008747217,-1.0430008,0.886898444373551,0.6198371435528672,0.6767194409281401,False,False
0.3,0.3,1.5661999999999998,0.0081666604,-0.9735009600000001,0.8931875130777441,0.6088377920882194,0.7324183601657999,False,False
0.3,0.35,1.59045,0.0075861038,-0.9040011200000001,0.8995664113619052,0.5941283974798671,0.7875252655140036,False,False
0.3,0.4,1.6146999999999998,0.007005547199999999,-0.83450128,0.9060370776840415,0.5759879107101946,0.8412481418207336,False,False
0.3,0.45,1.6389499999999997,0.006424990599999999,-0.76500144,0.9126015066803034,0.5547539509493697,0.8927661565541575,False,False
0.3,0.5,1.6631999999999996,0.005844433999999999,-0.6955016,0.9192617512149471,0.5308123647676214,0.9412498283736376,True,True
0.35,0.0,1.4414250000000002,0.011625,-1.39325,0.8572811582589331,0.6010171157648718,0.4389227427394145,False,False
0.35,0.05,1.46655,0.0110458323,-1.3236112700000002,0.8631735749569096,0.6058983022428268,0.4892688597909641,False,False
0.35,0.1,1.491675,0.0104666646,-1.2539725400000001,0.8691475538669465,0.6065412692496427,0.5415702395729545,False,False
0.35,0.15,1.5168000000000001,0.0098874969,-1.1843338100000003,0.8752048002544351,0.6029321062575362,0.5952637574281847,False,False
0.35,0.2,1.5419250000000002,0.0093083292,-1.11469508,0.881347067255597,0.595146108487022,0.6496975428369692,False,False
0.35,0.25,1.56705,0.0087291615,-1.04505635,0.8875761575691671,0.5833451646109431,0.7041413098497014,False,False
0.35,0.3,1.5921750000000001,0.0081499938,-0.9754176200000001,0.8938939252203238,0.5677721596870009,0.7578005398205018,False,False
0.35,0.35,1.6173000000000002,0.007570826100000001,-0.9057788900000001,0.9003022774004918,0.5487426636068731,0.8098342483166233,False,False
0.35,0.4,1.642425,0.0069916584,-0.83614016,0.9068031763868561,0.5266343022903996,0.8593758621790683,False,False
0.35,0.45,1.6675500000000003,0.0064124907,-0.76650143,0.913398641545642,0.501874311444055,0.9055565370283345,False,False
0.35,0.5,1.692675,0.005833323,-0.6968627000000002,0.9200907514234594,0.4749258451572715,0.9475300735894527,True,True
0.4,0.0,1.4628000000000003,0.0116,-1.3960000000000001,0.8578299075052391,0.5845576409871568,0.4650083637287116,False,False
0.4,0.05,1.4888000000000001,0.0110222212,-1.3262223800000001,0.8637477897431259,0.5849883220384992,0.516353642649281,False,False
0.4,0.1,1.5148000000000004,0.0104444424,-1.2564447600000002,0.8697478901658554,0.5810303868766101,0.5690697763953497,False,False
0.4,0.15,1.5408000000000002,0.009866663599999999,-1.1866671400000002,0.8758319341667046,0.5727722860953766,0.6224655162751543,False,False
0.4,0.2,1.5668,0.0092888848,-1.11688952,0.8820016957567955,0.5603976961112123,0.6757658925748915,False,False
0.4,0.25,1.5928000000000002,0.008711106,-1.0471119,0.8882589992896753,0.5441787272488231,0.7281286398188439,False,False
0.4,0.3,1.6188,0.0081333272,-0.9773342800000001,0.8946057212598301,0.5244659771701619,0.7786647225595327,False,False
0.4,0.35,1.6448000000000003,0.0075555484,-0.9075566600000001,0.9010437921788599,0.5016759373330368,0.8264623544573447,False,False
0.4,0.4,1.6708,0.006977769599999999,-0.83777904,0.9075751985332491,0.4762763838889765,0.8706136642005025,False,False
0.4,0.45,1.6968000000000003,0.006399990799999999,-0.7680014200000002,0.91420198482791,0.44877046757349837,0.9102429564203374,False,True
0.4,0.5,1.7228,0.005822211999999999,-0.6982238000000002,0.9209262557199102,0.4196802555342587,0.944535360905454,True,True
0.45,0.0,1.484825,0.011575,-1.3987500000000002,0.8583826818071413,0.5650799531588975,0.49091315142966735,False,False
0.45,0.05,1.5116999999999998,0.0109986101,-1.3288334900000003,0.8643262455371492,0.5610069138176053,0.5426872730055035,False,False
0.45,0.1,1.538575,0.0104222202,-1.2589169800000002,0.8703526913148331,0.5525034588483873,0.5951179931684628,False,False
0.45,0.15,1.5654499999999998,0.0098458303,-1.1890004700000003,0.8764637649783013,0.5397715198775079,0.6473880861313162,False,False
0.45,0.2,1.592325,0.0092694404,-1.11908396,0.8826612617451184,0.5231097290787664,0.6986090236786908,False,False
0.45,0.25,1.6192000000000002,0.0086930505,-1.0491674500000001,0.8889470279705544,0.5029017776206633,0.7478443573480835,False,False
0.45,0.3,1.646075,0.0081166606,-0.9792509400000001,0.8953229629815004,0.4796017369470437,0.7941370431699243,False,False
0.45,0.35,1.6729500000000002,0.007540270700000001,-0.9093344300000001,0.9017910209898753,0.4537171265193228,0.8365396628227206,False,False
0.45,0.4,1.699825,0.0069638808,-0.8394179200000002,0.9083532130895752,0.4257906080919893,0.8741462494540087,False,True
0.45,0.45,1.7267000000000001,0.0063874909,-0.7695014100000002,0.9150116093412499,0.3963812244920029,0.9061242485123746,False,False
0.45,0.5,1.7535749999999999,0.005811101,-0.6995849000000002,0.9217683409494474,0.3660460800308569,0.9317450513404579,True,True
0.5,0.0,1.5075,0.01155,-1.4015000000000002,0.8589395256131067,0.5426593206557999,0.5161935132873651,False,False
0.5,0.05,1.53525,0.010974999,-1.3314446000000002,0.8649089894976767,0.5341304086369469,0.5677266313745737,False,False
0.5,0.1,1.563,0.010399997999999999,-1.2613892000000002,0.8709620073090911,0.5212488441683709,0.6190756978071433,False,False
0.5,0.15,1.59075,0.009824997,-1.1913338000000002,0.8771003456534779,0.5043364644488302,0.6693075252626579,False,False
0.5,0.2,1.6185,0.009249996,-1.1212784,0.8833258212929741,0.48380770718443744,0.7174387144368766,False,False
0.5,0.25,1.64625,0.008674995,-1.0512230000000002,0.8896403029384361,0.46015274260235167,0.7624664316924454,False,False
0.5,0.3,1.6740000000000002,0.008099994,-0.9811676000000001,0.896045713119593,0.4339180568439459,0.8034023983399379,False,False
0.5,0.35,1.70175,0.007524993,-0.9111122000000003,0.9025440301365762,0.405685558396702,0.8393085287879779,False,False
0.5,0.4,1.7295,0.0069499919999999995,-0.8410568000000002,0.9091372900969896,0.3760513173890717,0.8693324484535769,False,False
0.5,0.45,1.7572500000000002,0.006374990999999999,-0.7710014000000002,0.9158275890429199,0.3456050105724328,0.8927410265991556,False,False
0.5,0.5,1.785,0.00579999,-0.7009460000000002,0.9226170851725628,0.3149110393216478,0.9089500880982249,True,True
0.55,0.0,1.530825,0.011525,-1.4042500000000002,0.8595004840284758,0.5174472399969998,0.5403448615641098,False,False
0.55,0.05,1.55945,0.0109513879,-1.3340557100000003,0.8654960694851926,0.5046181499677964,0.590873531953559,False,False
0.55,0.1,1.5880750000000001,0.0103777758,-1.2638614200000002,0.8715758888930657,0.4876400015501625,0.6402619771383057,False,False
0.55,0.15,1.6166999999999998,0.0098041637,-1.1936671300000004,0.8777417299558212,0.46695511825458474,0.6874802807123378,False,False
0.55,0.2,1.6453250000000001,0.009230551600000001,-1.1234728400000003,0.8839954313250441,0.44308800784771163,0.7314789281052665,False,False
0.55,0.25,1.67395,0.0086569395,-1.0532785500000001,0.890338884428158,0.4166233038345555,0.7712267781631392,False,False
0.55,0.3,1.702575,0.008083327400000001,-0.9830842600000003,0.8967740353756792,0.3881820768111726,0.8057507888190164,False,False
0.55,0.35,1.7311999999999999,0.0075097153000000015,-0.9128899700000003,0.9033028869517844,0.3583978485155848,0.83417538837169,False,False
0.55,0.4,1.759825,0.006936103200000001,-0.8426956800000002,0.9099275006924672,0.3278935864564805,0.8557592821989549,False,False
0.55,0.45,1.78845,0.006362491100000001,-0.7725013900000002,0.9166499990558165,0.29726081604871163,0.8699275409819573,False,False
0.55,0.5,1.817075,0.005788879,-0.7023071000000003,0.9234725676892125,0.2670417767082238,0.8762970338791461,True,True
0.6,0.0,1.5548000000000002,0.0115,-1.407,0.8600656028276424,0.4896737713870404,0.5628084822815412,False,False
0.6,0.05,1.5843,0.0109277768,-1.33666682,0.8660875340750741,0.4728105822572432,0.611487704579958,False,False
0.6,0.1,1.6138000000000001,0.0103555536,-1.26633364,0.8721943875745067,0.45212831777614737,0.6579744023919321,False,False
0.6,0.15,1.6433000000000002,0.0097833304,-1.19600046,0.8783879724633898,0.42818366399828744,0.7011713018594826,False,False
0.6,0.2,1.6728000000000003,0.0092111072,-1.12566728,0.8846701496345363,0.40159844355343555,0.7400018548551258,False,False
0.6,0.25,1.7023000000000001,0.008638884,-1.0553341,0.8910428336002084,0.3730329125780467,0.7734543518620045,False,False
0.6,0.3,1.7318,0.0080666608,-0.9850009200000001,0.8975079944373593,0.3431587928620289,0.8006254966565103,False,False
0.6,0.35,1.7613,0.007494437600000001,-0.9146677400000001,0.9040676598181747,0.3126335574741584,0.8207608384114656,False,False
0.6,0.4,1.7908,0.0069222144,-0.84433456,0.9107239171303176,0.28207730674281234,0.8332895416231708,False,False
0.6,0.45,1.8203,0.0063499912,-0.7740013800000001,0.9174789156915282,0.252053304369186,0.8378512597678431,False,False
0.6,0.5,1.8498,0.005777768,-0.7036682000000001,0.9243348690635174,0.2230529191002828,0.8343133478906438,True,True
0.65,0.0,1.579425,0.011474999999999999,-1.40975,0.860634928466505,0.45964651411844704,0.5829828368241006,False,False
0.65,0.05,1.6098000000000001,0.0109041657,-1.3392779300000002,0.8666834325709861,0.4391232527566677,0.6289049495306613,False,False
0.65,0.1,1.6401750000000002,0.0103333314,-1.26880586,0.8728175556388839,0.4152314053498932,0.6715147410085198,False,False
0.65,0.15,1.6705500000000002,0.0097624971,-1.1983337900000002,0.8790391285841953,0.3886287559089353,0.7096873585181439,False,False
0.65,0.2,1.7009250000000002,0.0091916628,-1.12786172,0.8853500348998125,0.36001477454581043,0.7423679954851526,False,False
0.65,0.25,1.7313,0.0086208285,-1.05738965,0.891752212558577,0.3301003810066944,0.7686200722078312,False,False
0.65,0.3,1.761675,0.0080499942,-0.9869175800000001,0.8982476559974142,0.2995792152487916,0.7876697273197519,False,False
0.65,0.35,1.7920500000000001,0.0074791599,-0.9164455100000001,0.9048384181888186,0.26910198984285433,0.7989436775794078,False,False
0.65,0.4,1.822425,0.006908325599999999,-0.84597344,0.9115266128042091,0.239255166610794,0.8020978638151985,False,False
0.65,0.45,1.8528000000000002,0.0063374912999999995,-0.7755013700000001,0.9183144164739409,0.2105447985530676,0.7970348865843376,False,False
0.65,0.5,1.8831749999999998,0.005766656999999999,-0.7050293000000001,0.9252040711490538,0.18338594864408755,0.7839089990616555,True,True
0.7,0.0,1.6046999999999998,0.01145,-1.4125,0.8612085080951974,0.42774579170025645,0.6002396994381612,False,False
0.7,0.05,1.6359499999999998,0.0108805546,-1.34188904,0.8672838150185841,0.404036553906365,0.6424605112777949,False,False
0.7,0.1,1.6671999999999998,0.0103111092,-1.27127808,0.8734454461641219,0.3775170714931549,0.6802196700304143,False,False
0.7,0.15,1.69845,0.0097416638,-1.20066712,0.8796952545720381,0.3489259251378722,0.7124143189353155,False,False
0.7,0.2,1.7297,0.009172218400000001,-1.13005616,0.8860351467014009,0.31901437677657496,0.738068154077068,False,False
0.7,0.25,1.76095,0.008602773000000001,-1.0594452,0.8924670843690188,0.28851427005812114,0.7563804933614364,False,False
0.7,0.3,1.7922,0.008033327600000001,-0.9888342400000001,0.8989930867734071,0.2581095086831101,0.7667677459693301,False,False
0.7,0.35,1.82345,0.007463882200000001,-0.9182232800000001,0.9056152326082089,0.22841256599385937,0.7688942884140787,False,False
0.7,0.4,1.8546999999999998,0.0068944368,-0.8476123200000001,0.9123356622697143,0.19994698828572255,0.7626904691103557,False,False
0.7,0.45,1.88595,0.0063249914,-0.7770013600000001,0.919156580163407,0.17313633152005992,0.7483563944146158,False,False
0.7,0.5,1.9171999999999996,0.005755546,-0.7063904000000001,0.9260802571147552,0.14829946730439014,0.7263512092321097,True,True
0.75,0.0,1.6306250000000002,0.011425,-1.4152500000000001,0.8617863895711046,0.39441582814337683,0.6139452495962507,False,False
0.75,0.05,1.66275,0.010856943499999999,-1.3445001500000002,0.8678887322195232,0.36808133368087803,0.6515172862318305,False,False
0.75,0.1,1.694875,0.010288887,-1.2737503000000001,0.8740781130356687,0.33958352850083834,0.6834954167713864,False,False
0.75,0.15,1.7269999999999999,0.0097208305,-1.2030004500000002,0.8803564075427087,0.30971517216491395,0.7088564768576607,False,False
0.75,0.2,1.7591249999999998,0.009152773999999999,-1.1322506,0.8867255455394004,0.27924862890833196,0.7267645268535307,False,False
0.75,0.25,1.79125,0.0085847175,-1.06150075,0.8931875130777441,0.2489040538388037,0.7366165679762338,False,False
0.75,0.3,1.823375,0.008016661,-0.9907509000000001,0.899744354527744,0.2193233515395141,0.7380762447425325,False,False
0.75,0.35,1.8555000000000001,0.0074486045,-0.9200010500000001,0.9063981747337831,0.1910510266880162,0.7310929072694667,False,False
0.75,0.4,1.8876249999999999,0.006880547999999999,-0.8492512000000001,0.9131511412673956,0.1645224139456713,0.7159045270153384,False,False
0.75,0.45,1.91975,0.0063124915,-0.7785013500000001,0.9200054867814963,0.14005916849644914,0.6930242320370452,False,False
0.75,0.5,1.9518749999999998,0.005744434999999999,-0.7077515000000002,0.9269635114714403,0.11787137417424845,0.6632115243527017,True,True
0.8,0.0,1.6572000000000002,0.0114,-1.4180000000000001,0.8623686214721759,0.36015196791258974,0.6234858531621512,False,False
0.8,0.05,1.6902,0.010833332400000001,-1.3471112600000001,0.8684982357457895,0.3318208414359419,0.6554979586638847,False,False
0.8,0.1,1.7232000000000003,0.0102666648,-1.2762225200000001,0.8747156109619143,0.30203678722258476,0.6808546327786478,False,False
0.8,0.15,1.7562,0.009699997200000001,-1.2053337800000004,0.8810226454905614,0.2716151626425878,0.6986753752248094,False,False
0.8,0.2,1.7892,0.0091333296,-1.1344450400000001,0.88742129285129,0.2413158363505735,0.7083275300451997,False,False
0.8,0.25,1.8222000000000003,0.008566662000000001,-1.0635563000000001,0.8939135637305466,0.21181412785082965,0.7094635596510833,False,False
0.8,0.3,1.8552000000000002,0.007999994400000002,-0.9926675600000001,0.9005015280882073,0.1836796055075162,0.7020418133389171,False,False
0.8,0.35,1.8882,0.007433326800000001,-0.9217788200000002,0.9071873173579595,0.15736330741103322,0.686329059973227,False,False
0.8,0.4,1.9212,0.006866659200000001,-0.8508900800000001,0.9139731267464417,0.133193222257747,0.6628845702629388,False,False
0.8,0.45,1.9542000000000002,0.006299991600000001,-0.7800013400000001,0.9208612176363411,0.11137724279686825,0.632527073054484,False,False
0.8,0.5,1.9872,0.005733324000000001,-0.7091126000000002,0.9278539200989864,0.09201233196950333,0.5962873079395304,True,True
0.85,0.0,1.684425,0.011375,-1.4207500000000002,0.8629552531105346,0.3254843059198792,0.628297792017831,False,False
0.85,0.05,1.7183000000000002,0.0108097213,-1.3497223700000003,0.8691123779543547,0.29582982732005797,0.6539195824609572,False,False
0.85,0.1,1.7521749999999998,0.0102444426,-1.2786947400000002,0.8753579954899577,0.2654665099826225,0.671953198696253,False,False
0.85,0.15,1.78605,0.0096791639,-1.2076671100000003,0.8816940273054715,0.23519769546500874,0.6817250457191072,False,False
0.85,0.2,1.8199249999999998,0.0091138852,-1.1366394800000001,0.8881224510301549,0.2057366096239278,0.6828647090941314,False,False
0.85,0.25,1.8538000000000001,0.0085486065,-1.0656118500000002,0.8946453023923807,0.17768261115180217,0.6753282542712293,False,False
0.85,0.3,1.887675,0.0079833278,-0.9945842200000001,0.9012646773689766,0.15150701097255792,0.6594010354484761,False,False
0.85,0.35,1.92155,0.007418049100000001,-0.9235565900000002,0.9079827344306968,0.12754827501392152,0.6356797638010837,False,False
0.85,0.4,1.9554249999999997,0.0068527703999999995,-0.8525289600000001,0.9148016968888711,0.10601567692630437,0.6050354060455263,False,False
0.85,0.45,1.9893,0.0062874917,-0.7815013300000002,0.9217238553485985,0.08699990927496057,0.5685601292444227,False,False
0.85,0.5,2.0231749999999997,0.005722212999999999,-0.7104737000000002,0.928751570274164,0.07048882350856694,0.5275027958139199,True,True
0.9,0.0,1.7123,0.011349999999999999,-1.4235000000000002,0.8635463345464032,0.29095842471844996,0.6278996662468443,False,False
0.9,0.05,1.74705,0.010786110199999999,-1.3523334800000002,0.8697312120021707,0.2606719370439767,0.6464285477905374,False,False
0.9,0.1,1.7818,0.010222220399999999,-1.2811669600000002,0.876005323021744,0.2304218525292675,0.656624140542246,False,False
0.9,0.15,1.8165499999999999,0.009658330599999999,-1.2100004400000004,0.8823706127901887,0.20096422600522007,0.6580802682749849,False,False
0.9,0.2,1.8513,0.009094440799999999,-1.1388339200000002,0.8888290834433376,0.1729335274904757,0.6507381191230714,False,False
0.9,0.25,1.8860500000000002,0.008530550999999999,-1.0676674000000002,0.8953827961673995,0.14682656305040562,0.6348901850582844,False,False
0.9,0.3,1.9208,0.007966661199999999,-0.9965008800000003,0.9020338733921491,0.12299704224852916,0.6111609275208633,False,False
0.9,0.35,1.95555,0.0074027714,-0.9253343600000002,0.9087845010825942,0.10165971861263313,0.5804659505816163,False,False
0.9,0.4,1.9902999999999997,0.006838881599999999,-0.8541678400000001,0.9156369311343228,0.08290236457604175,0.5439534019287086,False,False
0.9,0.45,2.0250500000000002,0.006274991799999999,-0.7830013200000002,0.9225934838780413,0.06670344604084713,0.5029328269582967,False,False
0.9,0.5,2.0598,0.005711101999999999,-0.7118348000000002,0.9296565506991559,0.05295323555901256,0.45879761005080527,True,True
0.95,0.0,1.740825,0.011325,-1.42625,0.8641419166023416,0.25711425023531076,0.6219256423646248,False,False
0.95,0.05,1.77645,0.0107624991,-1.3549445900000001,0.8703547918615052,0.22687679975643696,0.632833362946545,False,False
0.95,0.1,1.8120749999999999,0.010199998200000001,-1.28363918,0.8766576508305698,0.197388955475995,0.6349055041548656,False,False
0.95,0.15,1.8477,0.0096374973,-1.21233377,0.8830524626780941,0.16932617217960932,0.6280544507580108,False,False
0.95,0.2,1.883325,0.0090749964,-1.14102836,0.8895412544515288,0.143216632119059,0.6125670426795933,False,False
0.95,0.25,1.9189500000000002,0.0085124955,-1.06972295,0.8961261132194706,0.11943471395456624,0.5890846522675046,False,False
0.95,0.3,1.9545750000000002,0.007949994600000001,-0.99841754,0.9028091883097716,0.09820532834291902,0.5585591234205635,False,False
0.95,0.35,1.9902000000000002,0.007387493700000001,-0.92711213,0.9095926936485492,0.07961712357399456,0.5221887904323312,False,False
0.95,0.4,2.0258249999999998,0.0068249928,-0.85580672,0.9164789102054445,0.06364209100133289,0.4813405672789722,False,False
0.95,0.45,2.0614500000000002,0.0062624919,-0.78450131,0.9234701885507987,0.05015895451989772,0.43746515337753045,False,False
0.95,0.5,2.0970750000000002,0.005699991,-0.7131959000000001,0.9305689515307759,0.03897787168589266,0.3920126432394072,True,True
1.0,0.0,1.77,0.0113,-1.429,0.8647420508778161,0.22446429688631667,0.6101572193639107,False,False
1.0,0.05,1.8065,0.010738887999999999,-1.3575557,0.870983172335635,0.1949183554493478,0.613132327234341,False,False
1.0,0.1,1.843,0.010177776,-1.2861114,0.8773150370779782,0.16677172271537233,0.6070589768048028,False,False
1.0,0.15,1.8795,0.009616663999999999,-1.2146671000000002,0.8837396386513726,0.14059049367748558,0.5922041151455214,False,False
1.0,0.2,1.916,0.009055552,-1.1432228,0.8902590294283089,0.11677584000873535,0.5692138508205655,False,False
1.0,0.25,1.9525000000000001,0.008494439999999999,-1.0717785,0.8968753227931767,0.09556814777416175,0.5390668462635808,False,False
1.0,0.3,1.989,0.007933328,-1.0003342,0.9035906954264034,0.07706125313479913,0.5030052467058929,False,False
1.0,0.35,2.0255,0.007372216,-0.9288899,0.9104073896919841,0.06122394076234545,0.46244993477179447,False,False
1.0,0.4,2.062,0.006811103999999999,-0.8574456,0.9173277161338994,0.047925690043253255,0.41890815156905165,False,False
1.0,0.45,2.0985,0.006249991999999999,-0.7860013,0.9243540560872654,0.03696382425351477,0.3738818025430376,False,False
1.0,0.5,2.135,0.0056888799999999995,-0.7145570000000001,0.931488864410409,0.028089652781584363,0.3287840920319432,True,True
