x_Br,z_Ge,composition,P_top1_descriptor_stress,P_top10_descriptor_stress,mean_rank_descriptor_stress
0.0,0.0,CsSnI3,0.0,0.0,60.7918
0.05,0.0,CsSn(I0.95Br0.05)3,0.0,0.0,59.2598
0.1,0.0,CsSn(I0.90Br0.10)3,0.0,0.0,59.1886
0.15,0.0,CsSn(I0.85Br0.15)3,0.0,0.0,60.8132
0.2,0.0,CsSn(I0.80Br0.20)3,0.0,0.0,63.6682
0.25,0.0,CsSn(I0.75Br0.25)3,0.0,0.0,67.3858
0.3,0.0,CsSn(I0.70Br0.30)3,0.0,0.0,71.8866
0.35,0.0,CsSn(I0.65Br0.35)3,0.0,0.0,76.9666
0.4,0.0,CsSn(I0.60Br0.40)3,0.0,0.0,82.557
0.45,0.0,CsSn(I0.55Br0.45)3,0.0,0.0,88.7602
0.5,0.0,CsSn(I0.50Br0.50)3,0.0,0.0,95.6798
0.55,0.0,CsSn(I0.45Br0.55)3,0.0,0.0,103.1578
0.6,0.0,CsSn(I0.40Br0.60)3,0.0,0.0,111.0562
0.65,0.0,CsSn(I0.35Br0.65)3,0.0,0.0,119.3632
0.7,0.0,CsSn(I0.30Br0.70)3,0.0,0.0,127.9802
0.75,0.0,CsSn(I0.25Br0.75)3,0.0,0.0,136.9226
0.8,0.0,CsSn(I0.20Br0.80)3,0.0,0.0,146.095
0.85,0.0,CsSn(I0.15Br0.85)3,0.0,0.0,155.4898
0.9,0.0,CsSn(I0.10Br0.90)3,0.0,0.0,165.0588
0.95,0.0,CsSn(I0.05Br0.95)3,0.0,0.0,174.7934
1.0,0.0,CsSn(I0.00Br1.00)3,0.0,0.0,184.6758
0.0,0.05,CsSn0.95Ge0.05I3,0.0,0.005,45.2716
0.05,0.05,CsSn0.95Ge0.05(I0.95Br0.05)3,0.0,0.001,45.312
0.1,0.05,CsSn0.95Ge0.05(I0.90Br0.10)3,0.0,0.0,46.9964
0.15,0.05,CsSn0.95Ge0.05(I0.85Br0.15)3,0.0,0.0,49.8234
0.2,0.05,CsSn0.95Ge0.05(I0.80Br0.20)3,0.0,0.0,53.841
0.25,0.05,CsSn0.95Ge0.05(I0.75Br0.25)3,0.0,0.0,59.668
0.3,0.05,CsSn0.95Ge0.05(I0.70Br0.30)3,0.0,0.0,66.751
0.35,0.05,CsSn0.95Ge0.05(I0.65Br0.35)3,0.0,0.0,74.1276
0.4,0.05,CsSn0.95Ge0.05(I0.60Br0.40)3,0.0,0.0,81.728
0.45,0.05,CsSn0.95Ge0.05(I0.55Br0.45)3,0.0,0.0,89.728
0.5,0.05,CsSn0.95Ge0.05(I0.50Br0.50)3,0.0,0.0,97.9562
0.55,0.05,CsSn0.95Ge0.05(I0.45Br0.55)3,0.0,0.0,106.4402
0.6,0.05,CsSn0.95Ge0.05(I0.40Br0.60)3,0.0,0.0,115.142
0.65,0.05,CsSn0.95Ge0.05(I0.35Br0.65)3,0.0,0.0,124.1568
0.7,0.05,CsSn0.95Ge0.05(I0.30Br0.70)3,0.0,0.0,133.4496
0.75,0.05,CsSn0.95Ge0.05(I0.25Br0.75)3,0.0,0.0,142.974
0.8,0.05,CsSn0.95Ge0.05(I0.20Br0.80)3,0.0,0.0,152.6636
0.85,0.05,CsSn0.95Ge0.05(I0.15Br0.85)3,0.0,0.0,162.5004
0.9,0.05,CsSn0.95Ge0.05(I0.10Br0.90)3,0.0,0.0,172.4868
0.95,0.05,CsSn0.95Ge0.05(I0.05Br0.95)3,0.0,0.0,182.595
1.0,0.05,CsSn0.95Ge0.05(I0.00Br1.00)3,0.0,0.0,192.5774
0.0,0.1,CsSn0.90Ge0.10I3,0.0,0.1644,32.9556
0.05,0.1,CsSn0.90Ge0.10(I0.95Br0.05)3,0.0,0.0732,34.5514
0.1,0.1,CsSn0.90Ge0.10(I0.90Br0.10)3,0.0,0.0164,37.1748
0.15,0.1,CsSn0.90Ge0.10(I0.85Br0.15)3,0.0,0.0,40.7882
0.2,0.1,CsSn0.90Ge0.10(I0.80Br0.20)3,0.0,0.0,46.3648
0.25,0.1,CsSn0.90Ge0.10(I0.75Br0.25)3,0.0,0.0,54.159
0.3,0.1,CsSn0.90Ge0.10(I0.70Br0.30)3,0.0,0.0,63.3482
0.35,0.1,CsSn0.90Ge0.10(I0.65Br0.35)3,0.0,0.0,72.9342
0.4,0.1,CsSn0.90Ge0.10(I0.60Br0.40)3,0.0,0.0,82.564
0.45,0.1,CsSn0.90Ge0.10(I0.55Br0.45)3,0.0,0.0,91.909
0.5,0.1,CsSn0.90Ge0.10(I0.50Br0.50)3,0.0,0.0,101.122
0.55,0.1,CsSn0.90Ge0.10(I0.45Br0.55)3,0.0,0.0,110.4898
0.6,0.1,CsSn0.90Ge0.10(I0.40Br0.60)3,0.0,0.0,120.0594
0.65,0.1,CsSn0.90Ge0.10(I0.35Br0.65)3,0.0,0.0,129.7902
0.7,0.1,CsSn0.90Ge0.10(I0.30Br0.70)3,0.0,0.0,139.689
0.75,0.1,CsSn0.90Ge0.10(I0.25Br0.75)3,0.0,0.0,149.714
0.8,0.1,CsSn0.90Ge0.10(I0.20Br0.80)3,0.0,0.0,159.8392
0.85,0.1,CsSn0.90Ge0.10(I0.15Br0.85)3,0.0,0.0,170.062
0.9,0.1,CsSn0.90Ge0.10(I0.10Br0.90)3,0.0,0.0,180.3714
0.95,0.1,CsSn0.90Ge0.10(I0.05Br0.95)3,0.0,0.0,190.5762
1.0,0.1,CsSn0.90Ge0.10(I0.00Br1.00)3,0.0,0.0,199.8362
0.0,0.15,CsSn0.85Ge0.15I3,0.0,0.5432,23.5172
0.05,0.15,CsSn0.85Ge0.15(I0.95Br0.05)3,0.0,0.433,25.9876
0.1,0.15,CsSn0.85Ge0.15(I0.90Br0.10)3,0.0,0.227,29.1974
0.15,0.15,CsSn0.85Ge0.15(I0.85Br0.15)3,0.0,0.0022,34.0948
0.2,0.15,CsSn0.85Ge0.15(I0.80Br0.20)3,0.0,0.0,41.277
0.25,0.15,CsSn0.85Ge0.15(I0.75Br0.25)3,0.0,0.0,50.7084
0.3,0.15,CsSn0.85Ge0.15(I0.70Br0.30)3,0.0,0.0,61.9042
0.35,0.15,CsSn0.85Ge0.15(I0.65Br0.35)3,0.0,0.0,73.66
0.4,0.15,CsSn0.85Ge0.15(I0.60Br0.40)3,0.0,0.0,84.82
0.45,0.15,CsSn0.85Ge0.15(I0.55Br0.45)3,0.0,0.0,95.1834
0.5,0.15,CsSn0.85Ge0.15(I0.50Br0.50)3,0.0,0.0,105.3282
0.55,0.15,CsSn0.85Ge0.15(I0.45Br0.55)3,0.0,0.0,115.4768
0.6,0.15,CsSn0.85Ge0.15(I0.40Br0.60)3,0.0,0.0,125.7302
0.65,0.15,CsSn0.85Ge0.15(I0.35Br0.65)3,0.0,0.0,136.017
0.7,0.15,CsSn0.85Ge0.15(I0.30Br0.70)3,0.0,0.0,146.3986
0.75,0.15,CsSn0.85Ge0.15(I0.25Br0.75)3,0.0,0.0,156.8574
0.8,0.15,CsSn0.85Ge0.15(I0.20Br0.80)3,0.0,0.0,167.3328
0.85,0.15,CsSn0.85Ge0.15(I0.15Br0.85)3,0.0,0.0,177.86
0.9,0.15,CsSn0.85Ge0.15(I0.10Br0.90)3,0.0,0.0,188.2844
0.95,0.15,CsSn0.85Ge0.15(I0.05Br0.95)3,0.0,0.0,197.9592
1.0,0.15,CsSn0.85Ge0.15(I0.00Br1.00)3,0.0,0.0,206.4056
0.0,0.2,CsSn0.80Ge0.20I3,0.0,0.9702,16.3228
0.05,0.2,CsSn0.80Ge0.20(I0.95Br0.05)3,0.0,0.8468,19.2046
0.1,0.2,CsSn0.80Ge0.20(I0.90Br0.10)3,0.0,0.611,23.3464
0.15,0.2,CsSn0.80Ge0.20(I0.85Br0.15)3,0.0,0.0356,29.527
0.2,0.2,CsSn0.80Ge0.20(I0.80Br0.20)3,0.0,0.0,38.034
0.25,0.2,CsSn0.80Ge0.20(I0.75Br0.25)3,0.0,0.0,49.2512
0.3,0.2,CsSn0.80Ge0.20(I0.70Br0.30)3,0.0,0.0,62.6108
0.35,0.2,CsSn0.80Ge0.20(I0.65Br0.35)3,0.0,0.0,76.0534
0.4,0.2,CsSn0.80Ge0.20(I0.60Br0.40)3,0.0,0.0,88.2216
0.45,0.2,CsSn0.80Ge0.20(I0.55Br0.45)3,0.0,0.0,99.4876
0.5,0.2,CsSn0.80Ge0.20(I0.50Br0.50)3,0.0,0.0,110.3898
0.55,0.2,CsSn0.80Ge0.20(I0.45Br0.55)3,0.0,0.0,121.1868
0.6,0.2,CsSn0.80Ge0.20(I0.40Br0.60)3,0.0,0.0,131.9532
0.65,0.2,CsSn0.80Ge0.20(I0.35Br0.65)3,0.0,0.0,142.706
0.7,0.2,CsSn0.80Ge0.20(I0.30Br0.70)3,0.0,0.0,153.5
0.75,0.2,CsSn0.80Ge0.20(I0.25Br0.75)3,0.0,0.0,164.3002
0.8,0.2,CsSn0.80Ge0.20(I0.20Br0.80)3,0.0,0.0,175.084
0.85,0.2,CsSn0.80Ge0.20(I0.15Br0.85)3,0.0,0.0,185.7284
0.9,0.2,CsSn0.80Ge0.20(I0.10Br0.90)3,0.0,0.0,195.7758
0.95,0.2,CsSn0.80Ge0.20(I0.05Br0.95)3,0.0,0.0,204.6462
1.0,0.2,CsSn0.80Ge0.20(I0.00Br1.00)3,0.0,0.0,212.2456
0.0,0.25,CsSn0.75Ge0.25I3,0.0,0.9998,10.94
0.05,0.25,CsSn0.75Ge0.25(I0.95Br0.05)3,0.0,0.9984,14.293
0.1,0.25,CsSn0.75Ge0.25(I0.90Br0.10)3,0.0,0.9862,19.295
0.15,0.25,CsSn0.75Ge0.25(I0.85Br0.15)3,0.0,0.1408,26.5328
0.2,0.25,CsSn0.75Ge0.25(I0.80Br0.20)3,0.0,0.0,36.5792
0.25,0.25,CsSn0.75Ge0.25(I0.75Br0.25)3,0.0,0.0,49.8512
0.3,0.25,CsSn0.75Ge0.25(I0.70Br0.30)3,0.0,0.0,65.1662
0.35,0.25,CsSn0.75Ge0.25(I0.65Br0.35)3,0.0,0.0,79.7288
0.4,0.25,CsSn0.75Ge0.25(I0.60Br0.40)3,0.0,0.0,92.6878
0.45,0.25,CsSn0.75Ge0.25(I0.55Br0.45)3,0.0,0.0,104.6138
0.5,0.25,CsSn0.75Ge0.25(I0.50Br0.50)3,0.0,0.0,116.1272
0.55,0.25,CsSn0.75Ge0.25(I0.45Br0.55)3,0.0,0.0,127.4364
0.6,0.25,CsSn0.75Ge0.25(I0.40Br0.60)3,0.0,0.0,138.66
0.65,0.25,CsSn0.75Ge0.25(I0.35Br0.65)3,0.0,0.0,149.7774
0.7,0.25,CsSn0.75Ge0.25(I0.30Br0.70)3,0.0,0.0,160.9076
0.75,0.25,CsSn0.75Ge0.25(I0.25Br0.75)3,0.0,0.0,171.976
0.8,0.25,CsSn0.75Ge0.25(I0.20Br0.80)3,0.0,0.0,182.8824
0.85,0.25,CsSn0.75Ge0.25(I0.15Br0.85)3,0.0,0.0,193.2744
0.9,0.25,CsSn0.75Ge0.25(I0.10Br0.90)3,0.0,0.0,202.6158
0.95,0.25,CsSn0.75Ge0.25(I0.05Br0.95)3,0.0,0.0,210.6124
1.0,0.25,CsSn0.75Ge0.25(I0.00Br1.00)3,0.0,0.0,217.3158
0.0,0.3,CsSn0.70Ge0.30I3,0.0062,1.0,7.124
0.05,0.3,CsSn0.70Ge0.30(I0.95Br0.05)3,0.0,1.0,10.8146
0.1,0.3,CsSn0.70Ge0.30(I0.90Br0.10)3,0.0,1.0,16.6032
0.15,0.3,CsSn0.70Ge0.30(I0.85Br0.15)3,0.0,0.4756,25.0562
0.2,0.3,CsSn0.70Ge0.30(I0.80Br0.20)3,0.0,0.0,36.8976
0.25,0.3,CsSn0.70Ge0.30(I0.75Br0.25)3,0.0,0.0,52.3336
0.3,0.3,CsSn0.70Ge0.30(I0.70Br0.30)3,0.0,0.0,69.1784
0.35,0.3,CsSn0.70Ge0.30(I0.65Br0.35)3,0.0,0.0,84.4842
0.4,0.3,CsSn0.70Ge0.30(I0.60Br0.40)3,0.0,0.0,97.965
0.45,0.3,CsSn0.70Ge0.30(I0.55Br0.45)3,0.0,0.0,110.4222
0.5,0.3,CsSn0.70Ge0.30(I0.50Br0.50)3,0.0,0.0,122.3878
0.55,0.3,CsSn0.70Ge0.30(I0.45Br0.55)3,0.0,0.0,134.1276
0.6,0.3,CsSn0.70Ge0.30(I0.40Br0.60)3,0.0,0.0,145.6822
0.65,0.3,CsSn0.70Ge0.30(I0.35Br0.65)3,0.0,0.0,157.1388
0.7,0.3,CsSn0.70Ge0.30(I0.30Br0.70)3,0.0,0.0,168.514
0.75,0.3,CsSn0.70Ge0.30(I0.25Br0.75)3,0.0,0.0,179.7142
0.8,0.3,CsSn0.70Ge0.30(I0.20Br0.80)3,0.0,0.0,190.4528
0.85,0.3,CsSn0.70Ge0.30(I0.15Br0.85)3,0.0,0.0,200.257
0.9,0.3,CsSn0.70Ge0.30(I0.10Br0.90)3,0.0,0.0,208.728
0.95,0.3,CsSn0.70Ge0.30(I0.05Br0.95)3,0.0,0.0,215.822
1.0,0.3,CsSn0.70Ge0.30(I0.00Br1.00)3,0.0,0.0,221.6284
0.0,0.35,CsSn0.65Ge0.35I3,0.0504,1.0,4.5262
0.05,0.35,CsSn0.65Ge0.35(I0.95Br0.05)3,0.0,1.0,8.5618
0.1,0.35,CsSn0.65Ge0.35(I0.90Br0.10)3,0.0,0.9984,15.193
0.15,0.35,CsSn0.65Ge0.35(I0.85Br0.15)3,0.0,0.5868,25.0488
0.2,0.35,CsSn0.65Ge0.35(I0.80Br0.20)3,0.0,0.0004,38.9232
0.25,0.35,CsSn0.65Ge0.35(I0.75Br0.25)3,0.0,0.0,56.397
0.3,0.35,CsSn0.65Ge0.35(I0.70Br0.30)3,0.0,0.0,74.284
0.35,0.35,CsSn0.65Ge0.35(I0.65Br0.35)3,0.0,0.0,90.0372
0.4,0.35,CsSn0.65Ge0.35(I0.60Br0.40)3,0.0,0.0,103.8746
0.45,0.35,CsSn0.65Ge0.35(I0.55Br0.45)3,0.0,0.0,116.7136
0.5,0.35,CsSn0.65Ge0.35(I0.50Br0.50)3,0.0,0.0,129.0842
0.55,0.35,CsSn0.65Ge0.35(I0.45Br0.55)3,0.0,0.0,141.1416
0.6,0.35,CsSn0.65Ge0.35(I0.40Br0.60)3,0.0,0.0,152.9952
0.65,0.35,CsSn0.65Ge0.35(I0.35Br0.65)3,0.0,0.0,164.6998
0.7,0.35,CsSn0.65Ge0.35(I0.30Br0.70)3,0.0,0.0,176.201
0.75,0.35,CsSn0.65Ge0.35(I0.25Br0.75)3,0.0,0.0,187.284
0.8,0.35,CsSn0.65Ge0.35(I0.20Br0.80)3,0.0,0.0,197.5344
0.85,0.35,CsSn0.65Ge0.35(I0.15Br0.85)3,0.0,0.0,206.549
0.9,0.35,CsSn0.65Ge0.35(I0.10Br0.90)3,0.0,0.0,214.119
0.95,0.35,CsSn0.65Ge0.35(I0.05Br0.95)3,0.0,0.0,220.2848
1.0,0.35,CsSn0.65Ge0.35(I0.00Br1.00)3,0.0,0.0,225.1648
0.0,0.4,CsSn0.60Ge0.40I3,0.1176,1.0,2.8582
0.05,0.4,CsSn0.60Ge0.40(I0.95Br0.05)3,0.0,1.0,7.3652
0.1,0.4,CsSn0.60Ge0.40(I0.90Br0.10)3,0.0,0.9764,14.979
0.15,0.4,CsSn0.60Ge0.40(I0.85Br0.15)3,0.0,0.4942,26.4904
0.2,0.4,CsSn0.60Ge0.40(I0.80Br0.20)3,0.0,0.0118,42.6296
0.25,0.4,CsSn0.60Ge0.40(I0.75Br0.25)3,0.0,0.0,61.7508
0.3,0.4,CsSn0.60Ge0.40(I0.70Br0.30)3,0.0,0.0,80.2246
0.35,0.4,CsSn0.60Ge0.40(I0.65Br0.35)3,0.0,0.0,96.1964
0.4,0.4,CsSn0.60Ge0.40(I0.60Br0.40)3,0.0,0.0,110.2846
0.45,0.4,CsSn0.60Ge0.40(I0.55Br0.45)3,0.0,0.0,123.4378
0.5,0.4,CsSn0.60Ge0.40(I0.50Br0.50)3,0.0,0.0,136.079
0.55,0.4,CsSn0.60Ge0.40(I0.45Br0.55)3,0.0,0.0,148.376
0.6,0.4,CsSn0.60Ge0.40(I0.40Br0.60)3,0.0,0.0,160.457
0.65,0.4,CsSn0.60Ge0.40(I0.35Br0.65)3,0.0,0.0,172.3024
0.7,0.4,CsSn0.60Ge0.40(I0.30Br0.70)3,0.0,0.0,183.719
0.75,0.4,CsSn0.60Ge0.40(I0.25Br0.75)3,0.0,0.0,194.449
0.8,0.4,CsSn0.60Ge0.40(I0.20Br0.80)3,0.0,0.0,203.9918
0.85,0.4,CsSn0.60Ge0.40(I0.15Br0.85)3,0.0,0.0,212.1172
0.9,0.4,CsSn0.60Ge0.40(I0.10Br0.90)3,0.0,0.0,218.767
0.95,0.4,CsSn0.60Ge0.40(I0.05Br0.95)3,0.0,0.0,223.9974
1.0,0.4,CsSn0.60Ge0.40(I0.00Br1.00)3,0.0,0.0,227.9272
0.0,0.45,CsSn0.55Ge0.45I3,0.1318,1.0,2.0794
0.05,0.45,CsSn0.55Ge0.45(I0.95Br0.05)3,0.0,0.9996,7.1106
0.1,0.45,CsSn0.55Ge0.45(I0.90Br0.10)3,0.0,0.892,15.8888
0.15,0.45,CsSn0.55Ge0.45(I0.85Br0.15)3,0.0,0.396,29.4692
0.2,0.45,CsSn0.55Ge0.45(I0.80Br0.20)3,0.0,0.0198,47.7728
0.25,0.45,CsSn0.55Ge0.45(I0.75Br0.25)3,0.0,0.0,68.0332
0.3,0.45,CsSn0.55Ge0.45(I0.70Br0.30)3,0.0,0.0,86.748
0.35,0.45,CsSn0.55Ge0.45(I0.65Br0.35)3,0.0,0.0,102.747
0.4,0.45,CsSn0.55Ge0.45(I0.60Br0.40)3,0.0,0.0,117.0164
0.45,0.45,CsSn0.55Ge0.45(I0.55Br0.45)3,0.0,0.0,130.4362
0.5,0.45,CsSn0.55Ge0.45(I0.50Br0.50)3,0.0,0.0,143.3628
0.55,0.45,CsSn0.55Ge0.45(I0.45Br0.55)3,0.0,0.0,155.9086
0.6,0.45,CsSn0.55Ge0.45(I0.40Br0.60)3,0.0,0.0,168.137
0.65,0.45,CsSn0.55Ge0.45(I0.35Br0.65)3,0.0,0.0,179.9736
0.7,0.45,CsSn0.55Ge0.45(I0.30Br0.70)3,0.0,0.0,191.0902
0.75,0.45,CsSn0.55Ge0.45(I0.25Br0.75)3,0.0,0.0,201.1654
0.8,0.45,CsSn0.55Ge0.45(I0.20Br0.80)3,0.0,0.0,209.8568
0.85,0.45,CsSn0.55Ge0.45(I0.15Br0.85)3,0.0,0.0,217.0324
0.9,0.45,CsSn0.55Ge0.45(I0.10Br0.90)3,0.0,0.0,222.7244
0.95,0.45,CsSn0.55Ge0.45(I0.05Br0.95)3,0.0,0.0,226.998
1.0,0.45,CsSn0.55Ge0.45(I0.00Br1.00)3,0.0,0.0,229.9574
0.0,0.5,CsSn0.50Ge0.50I3,0.694,1.0,2.0004
0.05,0.5,CsSn0.50Ge0.50(I0.95Br0.05)3,0.0,0.9872,7.7458
0.1,0.5,CsSn0.50Ge0.50(I0.90Br0.10)3,0.0,0.7828,18.1924
0.15,0.5,CsSn0.50Ge0.50(I0.85Br0.15)3,0.0,0.307,34.1072
0.2,0.5,CsSn0.50Ge0.50(I0.80Br0.20)3,0.0,0.0178,54.1614
0.25,0.5,CsSn0.50Ge0.50(I0.75Br0.25)3,0.0,0.0,75.133
0.3,0.5,CsSn0.50Ge0.50(I0.70Br0.30)3,0.0,0.0,93.7574
0.35,0.5,CsSn0.50Ge0.50(I0.65Br0.35)3,0.0,0.0,109.653
0.4,0.5,CsSn0.50Ge0.50(I0.60Br0.40)3,0.0,0.0,124.0392
0.45,0.5,CsSn0.50Ge0.50(I0.55Br0.45)3,0.0,0.0,137.6038
0.5,0.5,CsSn0.50Ge0.50(I0.50Br0.50)3,0.0,0.0,150.6746
0.55,0.5,CsSn0.50Ge0.50(I0.45Br0.55)3,0.0,0.0,163.3258
0.6,0.5,CsSn0.50Ge0.50(I0.40Br0.60)3,0.0,0.0,175.5432
0.65,0.5,CsSn0.50Ge0.50(I0.35Br0.65)3,0.0,0.0,187.1382
0.7,0.5,CsSn0.50Ge0.50(I0.30Br0.70)3,0.0,0.0,197.7296
0.75,0.5,CsSn0.50Ge0.50(I0.25Br0.75)3,0.0,0.0,206.988
0.8,0.5,CsSn0.50Ge0.50(I0.20Br0.80)3,0.0,0.0,214.7622
0.85,0.5,CsSn0.50Ge0.50(I0.15Br0.85)3,0.0,0.0,220.9784
0.9,0.5,CsSn0.50Ge0.50(I0.10Br0.90)3,0.0,0.0,225.7082
0.95,0.5,CsSn0.50Ge0.50(I0.05Br0.95)3,0.0,0.0,229.0146
1.0,0.5,CsSn0.50Ge0.50(I0.00Br1.00)3,0.0,0.0,231.0
