application,x_Br,z_Ge,top10_fraction,top1_fraction,mean_rank
single-junction,0.0,0.0,0.0107,0.0,60.8925
single-junction,0.05,0.0,0.0068,0.0,59.767
single-junction,0.1,0.0,0.0045,0.0,59.413
single-junction,0.15,0.0,0.0033,0.0,60.1951
single-junction,0.2,0.0,0.0023,0.0,62.3638
single-junction,0.25,0.0,0.0016,0.0,65.91
single-junction,0.3,0.0,0.0007,0.0,70.498
single-junction,0.35,0.0,0.0002,0.0,75.8605
single-junction,0.4,0.0,0.0,0.0,81.8478
single-junction,0.45,0.0,0.0,0.0,88.3961
single-junction,0.5,0.0,0.0,0.0,95.4164
single-junction,0.55,0.0,0.0,0.0,102.8908
single-junction,0.6,0.0,0.0,0.0,110.7981
single-junction,0.65,0.0,0.0,0.0,119.0777
single-junction,0.7,0.0,0.0,0.0,127.717
single-junction,0.75,0.0,0.0,0.0,136.6576
single-junction,0.8,0.0,0.0,0.0,145.8598
single-junction,0.85,0.0,0.0,0.0,155.2674
single-junction,0.9,0.0,0.0,0.0,164.8476
single-junction,0.95,0.0,0.0,0.0,174.6123
single-junction,1.0,0.0,0.0,0.0,184.4932
single-junction,0.0,0.05,0.0424,0.0,47.2492
single-junction,0.05,0.05,0.0122,0.0,46.761
single-junction,0.1,0.05,0.0022,0.0,47.5981
single-junction,0.15,0.05,0.0003,0.0,49.9547
single-junction,0.2,0.05,0.0001,0.0,53.978
single-junction,0.25,0.05,0.0,0.0,59.4476
single-junction,0.3,0.05,0.0,0.0,66.0275
single-junction,0.35,0.05,0.0,0.0,73.4077
single-junction,0.4,0.05,0.0,0.0,81.2471
single-junction,0.45,0.05,0.0,0.0,89.3571
single-junction,0.5,0.05,0.0,0.0,97.6629
single-junction,0.55,0.05,0.0,0.0,106.2178
single-junction,0.6,0.05,0.0,0.0,115.025
single-junction,0.65,0.05,0.0,0.0,124.1107
single-junction,0.7,0.05,0.0,0.0,133.4342
single-junction,0.75,0.05,0.0,0.0,142.9352
single-junction,0.8,0.05,0.0,0.0,152.603
single-junction,0.85,0.05,0.0,0.0,162.4408
single-junction,0.9,0.05,0.0,0.0,172.4141
single-junction,0.95,0.05,0.0,0.0,182.4981
single-junction,1.0,0.05,0.0,0.0,192.4582
single-junction,0.0,0.1,0.2239,0.0,35.3073
single-junction,0.05,0.1,0.0943,0.0,35.7728
single-junction,0.1,0.1,0.0074,0.0,37.8098
single-junction,0.15,0.1,0.0009,0.0,41.6106
single-junction,0.2,0.1,0.0003,0.0,47.2304
single-junction,0.25,0.1,0.0001,0.0,54.4884
single-junction,0.3,0.1,0.0,0.0,62.9477
single-junction,0.35,0.1,0.0,0.0,72.178
single-junction,0.4,0.1,0.0,0.0,81.7002
single-junction,0.45,0.1,0.0,0.0,91.2902
single-junction,0.5,0.1,0.0,0.0,100.8264
single-junction,0.55,0.1,0.0,0.0,110.386
single-junction,0.6,0.1,0.0,0.0,120.0202
single-junction,0.65,0.1,0.0,0.0,129.8057
single-junction,0.7,0.1,0.0,0.0,139.6783
single-junction,0.75,0.1,0.0,0.0,149.6796
single-junction,0.8,0.1,0.0,0.0,159.8087
single-junction,0.85,0.1,0.0,0.0,170.0218
single-junction,0.9,0.1,0.0,0.0,180.3257
single-junction,0.95,0.1,0.0,0.0,190.4947
single-junction,1.0,0.1,0.0,0.0,199.7391
single-junction,0.0,0.15,0.5308,0.0,25.5486
single-junction,0.05,0.15,0.4247,0.0,26.8645
single-junction,0.1,0.15,0.1727,0.0,29.9178
single-junction,0.15,0.15,0.0247,0.0,35.0468
single-junction,0.2,0.15,0.0044,0.0,42.2959
single-junction,0.25,0.15,0.001,0.0,51.2954
single-junction,0.3,0.15,0.0,0.0,61.6177
single-junction,0.35,0.15,0.0,0.0,72.5653
single-junction,0.4,0.15,0.0,0.0,83.6507
single-junction,0.45,0.15,0.0,0.0,94.499
single-junction,0.5,0.15,0.0,0.0,105.038
single-junction,0.55,0.15,0.0,0.0,115.3728
single-junction,0.6,0.15,0.0,0.0,125.6761
single-junction,0.65,0.15,0.0,0.0,135.9789
single-junction,0.7,0.15,0.0,0.0,146.3844
single-junction,0.75,0.15,0.0,0.0,156.8265
single-junction,0.8,0.15,0.0,0.0,167.3222
single-junction,0.85,0.15,0.0,0.0,177.8566
single-junction,0.9,0.15,0.0,0.0,188.2461
single-junction,0.95,0.15,0.0,0.0,197.9061
single-junction,1.0,0.15,0.0,0.0,206.3401
single-junction,0.0,0.2,0.8352,0.0,17.7819
single-junction,0.05,0.2,0.8146,0.0,19.821
single-junction,0.1,0.2,0.5475,0.0,23.8399
single-junction,0.15,0.2,0.1531,0.0,30.2197
single-junction,0.2,0.2,0.0247,0.0,39.0419
single-junction,0.25,0.2,0.0047,0.0,49.8819
single-junction,0.3,0.2,0.0002,0.0,62.0599
single-junction,0.35,0.2,0.0,0.0,74.7151
single-junction,0.4,0.2,0.0,0.0,87.1311
single-junction,0.45,0.2,0.0,0.0,98.8925
single-junction,0.5,0.2,0.0,0.0,110.1112
single-junction,0.55,0.2,0.0,0.0,121.0323
single-junction,0.6,0.2,0.0,0.0,131.8654
single-junction,0.65,0.2,0.0,0.0,142.678
single-junction,0.7,0.2,0.0,0.0,153.4969
single-junction,0.75,0.2,0.0,0.0,164.2951
single-junction,0.8,0.2,0.0,0.0,175.0791
single-junction,0.85,0.2,0.0,0.0,185.7092
single-junction,0.9,0.2,0.0,0.0,195.75
single-junction,0.95,0.2,0.0,0.0,204.6217
single-junction,1.0,0.2,0.0,0.0,212.2004
single-junction,0.0,0.25,0.9637,0.0002,11.8414
single-junction,0.05,0.25,0.9775,0.0,14.6056
single-junction,0.1,0.25,0.8934,0.0011,19.4086
single-junction,0.15,0.25,0.3524,0.0004,26.921
single-junction,0.2,0.25,0.0489,0.0,37.4336
single-junction,0.25,0.25,0.0045,0.0,50.346
single-junction,0.3,0.25,0.0,0.0,64.4404
single-junction,0.35,0.25,0.0,0.0,78.4661
single-junction,0.4,0.25,0.0,0.0,91.7496
single-junction,0.45,0.25,0.0,0.0,104.1511
single-junction,0.5,0.25,0.0,0.0,115.9074
single-junction,0.55,0.25,0.0,0.0,127.3253
single-junction,0.6,0.25,0.0,0.0,138.594
single-junction,0.65,0.25,0.0,0.0,149.782
single-junction,0.7,0.25,0.0,0.0,160.9066
single-junction,0.75,0.25,0.0,0.0,171.9743
single-junction,0.8,0.25,0.0,0.0,182.8562
single-junction,0.85,0.25,0.0,0.0,193.2514
single-junction,0.9,0.25,0.0,0.0,202.6044
single-junction,0.95,0.25,0.0,0.0,210.6002
single-junction,1.0,0.25,0.0,0.0,217.2921
single-junction,0.0,0.3,0.9963,0.032,7.6099
single-junction,0.05,0.3,0.9994,0.0022,10.8903
single-junction,0.1,0.3,0.9854,0.0013,16.499
single-junction,0.15,0.3,0.4826,0.0001,25.2822
single-junction,0.2,0.3,0.0457,0.0,37.6274
single-junction,0.25,0.3,0.0015,0.0,52.6546
single-junction,0.3,0.3,0.0,0.0,68.3789
single-junction,0.35,0.3,0.0,0.0,83.4202
single-junction,0.4,0.3,0.0,0.0,97.319
single-junction,0.45,0.3,0.0,0.0,110.1555
single-junction,0.5,0.3,0.0,0.0,122.3174
single-junction,0.55,0.3,0.0,0.0,134.0922
single-junction,0.6,0.3,0.0,0.0,145.6841
single-junction,0.65,0.3,0.0,0.0,157.1685
single-junction,0.7,0.3,0.0,0.0,168.5364
single-junction,0.75,0.3,0.0,0.0,179.6959
single-junction,0.8,0.3,0.0,0.0,190.418
single-junction,0.85,0.3,0.0,0.0,200.2373
single-junction,0.9,0.3,0.0,0.0,208.744
single-junction,0.95,0.3,0.0,0.0,215.8358
single-junction,1.0,0.3,0.0,0.0,221.6141
single-junction,0.0,0.35,1.0,0.1184,4.7696
single-junction,0.05,0.35,1.0,0.0011,8.5971
single-junction,0.1,0.35,0.989,0.0004,15.1291
single-junction,0.15,0.35,0.5201,0.0,25.293
single-junction,0.2,0.35,0.0292,0.0,39.5084
single-junction,0.25,0.35,0.0,0.0,56.4649
single-junction,0.3,0.35,0.0,0.0,73.6037
single-junction,0.35,0.35,0.0,0.0,89.3717
single-junction,0.4,0.35,0.0,0.0,103.5423
single-junction,0.45,0.35,0.0,0.0,116.6265
single-junction,0.5,0.35,0.0,0.0,129.0515
single-junction,0.55,0.35,0.0,0.0,141.1637
single-junction,0.6,0.35,0.0,0.0,153.0393
single-junction,0.65,0.35,0.0,0.0,164.7319
single-junction,0.7,0.35,0.0,0.0,176.2218
single-junction,0.75,0.35,0.0,0.0,187.2722
single-junction,0.8,0.35,0.0,0.0,197.5023
single-junction,0.85,0.35,0.0,0.0,206.5268
single-junction,0.9,0.35,0.0,0.0,214.1244
single-junction,0.95,0.35,0.0,0.0,220.2954
single-junction,1.0,0.35,0.0,0.0,225.16
single-junction,0.0,0.4,0.9999,0.1405,3.2206
single-junction,0.05,0.4,1.0,0.0,7.678
single-junction,0.1,0.4,0.9575,0.0,15.2228
single-junction,0.15,0.4,0.449,0.0,26.893
single-junction,0.2,0.4,0.0347,0.0,42.9446
single-junction,0.25,0.4,0.0002,0.0,61.6093
single-junction,0.3,0.4,0.0,0.0,79.7907
single-junction,0.35,0.4,0.0,0.0,95.866
single-junction,0.4,0.4,0.0,0.0,110.1458
single-junction,0.45,0.4,0.0,0.0,123.3891
single-junction,0.5,0.4,0.0,0.0,136.0731
single-junction,0.55,0.4,0.0,0.0,148.4346
single-junction,0.6,0.4,0.0,0.0,160.5279
single-junction,0.65,0.4,0.0,0.0,172.3685
single-junction,0.7,0.4,0.0,0.0,183.7747
single-junction,0.75,0.4,0.0,0.0,194.4346
single-junction,0.8,0.4,0.0,0.0,203.9709
single-junction,0.85,0.4,0.0,0.0,212.1021
single-junction,0.9,0.4,0.0,0.0,218.7566
single-junction,0.95,0.4,0.0,0.0,224.0007
single-junction,1.0,0.4,0.0,0.0,227.9272
single-junction,0.0,0.45,0.9978,0.1004,2.8582
single-junction,0.05,0.45,0.9865,0.0,8.0411
single-junction,0.1,0.45,0.8321,0.0,16.7606
single-junction,0.15,0.45,0.3863,0.0,30.0404
single-junction,0.2,0.45,0.0599,0.0,47.8125
single-junction,0.25,0.45,0.0011,0.0,67.7111
single-junction,0.3,0.45,0.0,0.0,86.4328
single-junction,0.35,0.45,0.0,0.0,102.5697
single-junction,0.4,0.45,0.0,0.0,116.9048
single-junction,0.45,0.45,0.0,0.0,130.3523
single-junction,0.5,0.45,0.0,0.0,143.2812
single-junction,0.55,0.45,0.0,0.0,155.8432
single-junction,0.6,0.45,0.0,0.0,168.0916
single-junction,0.65,0.45,0.0,0.0,179.9239
single-junction,0.7,0.45,0.0,0.0,191.0425
single-junction,0.75,0.45,0.0,0.0,201.1007
single-junction,0.8,0.45,0.0,0.0,209.7962
single-junction,0.85,0.45,0.0,0.0,216.9843
single-junction,0.9,0.45,0.0,0.0,222.6929
single-junction,0.95,0.45,0.0,0.0,226.9778
single-junction,1.0,0.45,0.0,0.0,229.9451
single-junction,0.0,0.5,0.9856,0.6019,3.7066
single-junction,0.05,0.5,0.9224,0.0,9.7002
single-junction,0.1,0.5,0.6995,0.0,19.7247
single-junction,0.15,0.5,0.347,0.0,34.6558
single-junction,0.2,0.5,0.0913,0.0,53.7648
single-junction,0.25,0.5,0.007,0.0,74.3574
single-junction,0.3,0.5,0.0001,0.0,93.1725
single-junction,0.35,0.5,0.0,0.0,109.3221
single-junction,0.4,0.5,0.0,0.0,123.8075
single-junction,0.45,0.5,0.0,0.0,137.438
single-junction,0.5,0.5,0.0,0.0,150.5419
single-junction,0.55,0.5,0.0,0.0,163.2346
single-junction,0.6,0.5,0.0,0.0,175.4782
single-junction,0.65,0.5,0.0,0.0,187.0543
single-junction,0.7,0.5,0.0,0.0,197.6576
single-junction,0.75,0.5,0.0,0.0,206.9253
single-junction,0.8,0.5,0.0,0.0,214.6993
single-junction,0.85,0.5,0.0,0.0,220.9363
single-junction,0.9,0.5,0.0,0.0,225.6826
single-junction,0.95,0.5,0.0,0.0,229.008
single-junction,1.0,0.5,0.0,0.0,231.0
tandem-top-cell,0.0,0.0,0.0,0.0,230.119
tandem-top-cell,0.05,0.0,0.0,0.0,228.6605
tandem-top-cell,0.1,0.0,0.0,0.0,226.4108
tandem-top-cell,0.15,0.0,0.0,0.0,223.3481
tandem-top-cell,0.2,0.0,0.0,0.0,219.4278
tandem-top-cell,0.25,0.0,0.0,0.0,214.6496
tandem-top-cell,0.3,0.0,0.0,0.0,208.9789
tandem-top-cell,0.35,0.0,0.0,0.0,202.427
tandem-top-cell,0.4,0.0,0.0,0.0,194.9867
tandem-top-cell,0.45,0.0,0.0,0.0,186.8274
tandem-top-cell,0.5,0.0,0.0,0.0,178.0381
tandem-top-cell,0.55,0.0,0.0,0.0,168.9009
tandem-top-cell,0.6,0.0,0.0,0.0,159.6679
tandem-top-cell,0.65,0.0,0.0,0.0,150.7366
tandem-top-cell,0.7,0.0,0.0,0.0,142.6708
tandem-top-cell,0.75,0.0,0.0,0.0,136.3333
tandem-top-cell,0.8,0.0,0.0,0.0,132.7421
tandem-top-cell,0.85,0.0,0.0,0.0,132.434
tandem-top-cell,0.9,0.0,0.0,0.0,135.6028
tandem-top-cell,0.95,0.0,0.0,0.0,142.1515
tandem-top-cell,1.0,0.0,0.0,0.0,151.6664
tandem-top-cell,0.0,0.05,0.0,0.0,226.9526
tandem-top-cell,0.05,0.05,0.0,0.0,224.2751
tandem-top-cell,0.1,0.05,0.0,0.0,220.6937
tandem-top-cell,0.15,0.05,0.0,0.0,216.2177
tandem-top-cell,0.2,0.05,0.0,0.0,210.8198
tandem-top-cell,0.25,0.05,0.0,0.0,204.4546
tandem-top-cell,0.3,0.05,0.0,0.0,197.0916
tandem-top-cell,0.35,0.05,0.0,0.0,188.749
tandem-top-cell,0.4,0.05,0.0,0.0,179.541
tandem-top-cell,0.45,0.05,0.0,0.0,169.502
tandem-top-cell,0.5,0.05,0.0,0.0,158.8939
tandem-top-cell,0.55,0.05,0.0,0.0,148.0001
tandem-top-cell,0.6,0.05,0.0,0.0,137.5141
tandem-top-cell,0.65,0.05,0.0,0.0,128.1667
tandem-top-cell,0.7,0.05,0.0,0.0,120.8716
tandem-top-cell,0.75,0.05,0.0,0.0,116.5678
tandem-top-cell,0.8,0.05,0.0,0.0,116.0184
tandem-top-cell,0.85,0.05,0.0,0.0,119.524
tandem-top-cell,0.9,0.05,0.0,0.0,127.1004
tandem-top-cell,0.95,0.05,0.0,0.0,138.1121
tandem-top-cell,1.0,0.05,0.0,0.0,151.898
tandem-top-cell,0.0,0.1,0.0,0.0,221.657
tandem-top-cell,0.05,0.1,0.0,0.0,217.6394
tandem-top-cell,0.1,0.1,0.0,0.0,212.5991
tandem-top-cell,0.15,0.1,0.0,0.0,206.5365
tandem-top-cell,0.2,0.1,0.0,0.0,199.3847
tandem-top-cell,0.25,0.1,0.0,0.0,191.0824
tandem-top-cell,0.3,0.1,0.0,0.0,181.6213
tandem-top-cell,0.35,0.1,0.0,0.0,171.0084
tandem-top-cell,0.4,0.1,0.0,0.0,159.3543
tandem-top-cell,0.45,0.1,0.0,0.0,146.9368
tandem-top-cell,0.5,0.1,0.0,0.0,134.4351
tandem-top-cell,0.55,0.1,0.0,0.0,122.6539
tandem-top-cell,0.6,0.1,0.0,0.0,112.4551
tandem-top-cell,0.65,0.1,0.0,0.0,104.6292
tandem-top-cell,0.7,0.1,0.0,0.0,99.9879
tandem-top-cell,0.75,0.1,0.0,0.0,99.2091
tandem-top-cell,0.8,0.1,0.0,0.0,102.714
tandem-top-cell,0.85,0.1,0.0,0.0,110.7768
tandem-top-cell,0.9,0.1,0.0,0.0,122.9206
tandem-top-cell,0.95,0.1,0.0,0.0,138.3892
tandem-top-cell,1.0,0.1,0.0,0.0,155.8213
tandem-top-cell,0.0,0.15,0.0,0.0,214.1472
tandem-top-cell,0.05,0.15,0.0,0.0,208.5946
tandem-top-cell,0.1,0.15,0.0,0.0,201.8454
tandem-top-cell,0.15,0.15,0.0,0.0,193.8339
tandem-top-cell,0.2,0.15,0.0,0.0,184.4972
tandem-top-cell,0.25,0.15,0.0,0.0,173.6726
tandem-top-cell,0.3,0.15,0.0,0.0,161.3458
tandem-top-cell,0.35,0.15,0.0,0.0,147.7743
tandem-top-cell,0.4,0.15,0.0,0.0,133.6117
tandem-top-cell,0.45,0.15,0.0,0.0,119.6677
tandem-top-cell,0.5,0.15,0.0,0.0,106.9407
tandem-top-cell,0.55,0.15,0.0,0.0,96.2902
tandem-top-cell,0.6,0.15,0.0,0.0,88.266
tandem-top-cell,0.65,0.15,0.0,0.0,83.5434
tandem-top-cell,0.7,0.15,0.0,0.0,82.6802
tandem-top-cell,0.75,0.15,0.0,0.0,86.0205
tandem-top-cell,0.8,0.15,0.0,0.0,94.0143
tandem-top-cell,0.85,0.15,0.0,0.0,106.6901
tandem-top-cell,0.9,0.15,0.0,0.0,123.4226
tandem-top-cell,0.95,0.15,0.0,0.0,142.9353
tandem-top-cell,1.0,0.15,0.0,0.0,162.9967
tandem-top-cell,0.0,0.2,0.0,0.0,204.1149
tandem-top-cell,0.05,0.2,0.0,0.0,196.7144
tandem-top-cell,0.1,0.2,0.0,0.0,187.8057
tandem-top-cell,0.15,0.2,0.0,0.0,177.2691
tandem-top-cell,0.2,0.2,0.0,0.0,164.8919
tandem-top-cell,0.25,0.2,0.0,0.0,150.6879
tandem-top-cell,0.3,0.2,0.0,0.0,135.2061
tandem-top-cell,0.35,0.2,0.0,0.0,119.3199
tandem-top-cell,0.4,0.2,0.0,0.0,104.2086
tandem-top-cell,0.45,0.2,0.0,0.0,90.8943
tandem-top-cell,0.5,0.2,0.0,0.0,80.1941
tandem-top-cell,0.55,0.2,0.0,0.0,72.2895
tandem-top-cell,0.6,0.2,0.0,0.0,67.6745
tandem-top-cell,0.65,0.2,0.0,0.0,66.7509
tandem-top-cell,0.7,0.2,0.0,0.0,69.8217
tandem-top-cell,0.75,0.2,0.0,0.0,77.3856
tandem-top-cell,0.8,0.2,0.0,0.0,89.8803
tandem-top-cell,0.85,0.2,0.0,0.0,107.2294
tandem-top-cell,0.9,0.2,0.0,0.0,128.3625
tandem-top-cell,0.95,0.2,0.0,0.0,151.0887
tandem-top-cell,1.0,0.2,0.0,0.0,172.3104
tandem-top-cell,0.0,0.25,0.0,0.0,191.0531
tandem-top-cell,0.05,0.25,0.0,0.0,181.2133
tandem-top-cell,0.1,0.25,0.0,0.0,169.32
tandem-top-cell,0.15,0.25,0.0,0.0,155.198
tandem-top-cell,0.2,0.25,0.0,0.0,139.0262
tandem-top-cell,0.25,0.25,0.0,0.0,121.6198
tandem-top-cell,0.3,0.25,0.0,0.0,104.3044
tandem-top-cell,0.35,0.25,0.0,0.0,88.4425
tandem-top-cell,0.4,0.25,0.0,0.0,75.0148
tandem-top-cell,0.45,0.25,0.0002,0.0,64.5996
tandem-top-cell,0.5,0.25,0.0009,0.0,57.1902
tandem-top-cell,0.55,0.25,0.0008,0.0,52.8269
tandem-top-cell,0.6,0.25,0.0002,0.0,51.8833
tandem-top-cell,0.65,0.25,0.0,0.0,54.6145
tandem-top-cell,0.7,0.25,0.0,0.0,61.4165
tandem-top-cell,0.75,0.25,0.0,0.0,73.0394
tandem-top-cell,0.8,0.25,0.0,0.0,90.2174
tandem-top-cell,0.85,0.25,0.0,0.0,112.2036
tandem-top-cell,0.9,0.25,0.0,0.0,137.115
tandem-top-cell,0.95,0.25,0.0,0.0,161.6964
tandem-top-cell,1.0,0.25,0.0,0.0,182.6521
tandem-top-cell,0.0,0.3,0.0,0.0,173.823
tandem-top-cell,0.05,0.3,0.0,0.0,160.436
tandem-top-cell,0.1,0.3,0.0,0.0,144.3724
tandem-top-cell,0.15,0.3,0.0,0.0,126.107
tandem-top-cell,0.2,0.3,0.0,0.0,107.0186
tandem-top-cell,0.25,0.3,0.0,0.0,88.9151
tandem-top-cell,0.3,0.3,0.0,0.0,73.1294
tandem-top-cell,0.35,0.3,0.001,0.0,60.2205
tandem-top-cell,0.4,0.3,0.0098,0.0,50.4086
tandem-top-cell,0.45,0.3,0.0359,0.0,43.4896
tandem-top-cell,0.5,0.3,0.0647,0.0,39.3851
tandem-top-cell,0.55,0.3,0.0618,0.0,38.3488
tandem-top-cell,0.6,0.3,0.0307,0.0,40.7101
tandem-top-cell,0.65,0.3,0.0071,0.0,46.6861
tandem-top-cell,0.7,0.3,0.0013,0.0,57.0566
tandem-top-cell,0.75,0.3,0.0,0.0,72.9579
tandem-top-cell,0.8,0.3,0.0,0.0,94.8305
tandem-top-cell,0.85,0.3,0.0,0.0,121.1009
tandem-top-cell,0.9,0.3,0.0,0.0,148.7114
tandem-top-cell,0.95,0.3,0.0,0.0,173.5022
tandem-top-cell,1.0,0.3,0.0,0.0,193.1507
tandem-top-cell,0.0,0.35,0.0,0.0,150.2593
tandem-top-cell,0.05,0.35,0.0,0.0,132.2321
tandem-top-cell,0.1,0.35,0.0,0.0,112.1631
tandem-top-cell,0.15,0.35,0.0,0.0,92.2281
tandem-top-cell,0.2,0.35,0.0,0.0,74.2751
tandem-top-cell,0.25,0.35,0.0001,0.0,59.3262
tandem-top-cell,0.3,0.35,0.0096,0.0,47.3254
tandem-top-cell,0.35,0.35,0.0715,0.0,38.1686
tandem-top-cell,0.4,0.35,0.2114,0.0002,31.6034
tandem-top-cell,0.45,0.35,0.3468,0.0004,27.5591
tandem-top-cell,0.5,0.35,0.3828,0.0002,26.3404
tandem-top-cell,0.55,0.35,0.2936,0.0,28.256
tandem-top-cell,0.6,0.35,0.1453,0.0,33.4816
tandem-top-cell,0.65,0.35,0.036,0.0,42.5557
tandem-top-cell,0.7,0.35,0.0046,0.0,56.5991
tandem-top-cell,0.75,0.35,0.0003,0.0,76.9241
tandem-top-cell,0.8,0.35,0.0,0.0,103.4903
tandem-top-cell,0.85,0.35,0.0,0.0,133.2426
tandem-top-cell,0.9,0.35,0.0,0.0,161.8459
tandem-top-cell,0.95,0.35,0.0,0.0,185.3735
tandem-top-cell,1.0,0.35,0.0,0.0,203.0955
tandem-top-cell,0.0,0.4,0.0,0.0,119.5202
tandem-top-cell,0.05,0.4,0.0,0.0,98.7837
tandem-top-cell,0.1,0.4,0.0,0.0,78.9913
tandem-top-cell,0.15,0.4,0.0002,0.0,61.8673
tandem-top-cell,0.2,0.4,0.0133,0.0,47.826
tandem-top-cell,0.25,0.4,0.1103,0.0,36.5461
tandem-top-cell,0.3,0.4,0.3818,0.0,27.8794
tandem-top-cell,0.35,0.4,0.6974,0.0011,21.6112
tandem-top-cell,0.4,0.4,0.8809,0.0055,17.6235
tandem-top-cell,0.45,0.4,0.9368,0.0133,16.1728
tandem-top-cell,0.5,0.4,0.8823,0.009,17.5967
tandem-top-cell,0.55,0.4,0.6651,0.0016,22.0305
tandem-top-cell,0.6,0.4,0.332,0.0002,29.8884
tandem-top-cell,0.65,0.4,0.0901,0.0,42.0438
tandem-top-cell,0.7,0.4,0.0114,0.0,59.9448
tandem-top-cell,0.75,0.4,0.0005,0.0,84.8485
tandem-top-cell,0.8,0.4,0.0,0.0,115.5682
tandem-top-cell,0.85,0.4,0.0,0.0,147.3613
tandem-top-cell,0.9,0.4,0.0,0.0,175.1585
tandem-top-cell,0.95,0.4,0.0,0.0,196.4976
tandem-top-cell,1.0,0.4,0.0,0.0,211.8916
tandem-top-cell,0.0,0.45,0.001,0.0,87.3295
tandem-top-cell,0.05,0.45,0.0103,0.0,68.076
tandem-top-cell,0.1,0.45,0.0497,0.0,51.7714
tandem-top-cell,0.15,0.45,0.1893,0.0,38.4069
tandem-top-cell,0.2,0.45,0.4573,0.0,27.7396
tandem-top-cell,0.25,0.45,0.7672,0.0,19.582
tandem-top-cell,0.3,0.45,0.9509,0.0009,13.7029
tandem-top-cell,0.35,0.45,0.996,0.0085,9.8822
tandem-top-cell,0.4,0.45,1.0,0.0167,8.2642
tandem-top-cell,0.45,0.45,0.9971,0.015,9.1611
tandem-top-cell,0.5,0.45,0.9547,0.0042,12.7055
tandem-top-cell,0.55,0.45,0.7718,0.0003,19.2741
tandem-top-cell,0.6,0.45,0.4278,0.0,29.6039
tandem-top-cell,0.65,0.45,0.1457,0.0,44.9197
tandem-top-cell,0.7,0.45,0.0236,0.0,66.9633
tandem-top-cell,0.75,0.45,0.0008,0.0,96.4327
tandem-top-cell,0.8,0.45,0.0,0.0,130.0891
tandem-top-cell,0.85,0.45,0.0,0.0,161.9658
tandem-top-cell,0.9,0.45,0.0,0.0,187.7109
tandem-top-cell,0.95,0.45,0.0,0.0,206.3618
tandem-top-cell,1.0,0.45,0.0,0.0,219.1231
tandem-top-cell,0.0,0.5,0.1061,0.0,59.373
tandem-top-cell,0.05,0.5,0.238,0.0,43.5565
tandem-top-cell,0.1,0.5,0.4441,0.0,30.8339
tandem-top-cell,0.15,0.5,0.6844,0.0,20.8619
tandem-top-cell,0.2,0.5,0.8649,0.0039,13.3555
tandem-top-cell,0.25,0.5,0.9594,0.0496,8.0749
tandem-top-cell,0.3,0.5,0.9906,0.1621,4.7014
tandem-top-cell,0.35,0.5,0.9984,0.2981,3.1241
tandem-top-cell,0.4,0.5,0.9961,0.2665,3.5402
tandem-top-cell,0.45,0.5,0.976,0.1197,6.121
tandem-top-cell,0.5,0.5,0.9015,0.022,11.2328
tandem-top-cell,0.55,0.5,0.7139,0.001,19.6185
tandem-top-cell,0.6,0.5,0.4339,0.0,32.4949
tandem-top-cell,0.65,0.5,0.1814,0.0,51.28
tandem-top-cell,0.7,0.5,0.0449,0.0,77.6172
tandem-top-cell,0.75,0.5,0.0047,0.0,110.7898
tandem-top-cell,0.8,0.5,0.0,0.0,145.4597
tandem-top-cell,0.85,0.5,0.0,0.0,175.8399
tandem-top-cell,0.9,0.5,0.0,0.0,198.8046
tandem-top-cell,0.95,0.5,0.0,0.0,214.5115
tandem-top-cell,1.0,0.5,0.0,0.0,224.2917